"ID","x","y","array row","array col","shore_exposure","geomorphology","relief","natural_habitats","wave_exposure","surge_potential","sea_level_rise","coastal_exposure","coastal_exposure_no_habitats","habitat_role","0_additional_layer_raw","erodible_shoreline"
0,261219.025694202,5488492.25107515,9,53,0,4,1,5,1,3,3,2.37618,2.37618,0,-1.7,0
1,240219.025694202,5486492.25107515,11,32,1,3,5,4.05,5,1,3,3.11367,3.22497,0.111296,-1.7,0
2,240219.025694202,5485492.25107515,12,32,1,2,5,4.05,5,1,3,2.91021,3.01423,0.104023,-1.7,0
3,250219.025694202,5485492.25107515,12,42,0,3,2,4.05,3,2,3,2.75516,2.85364,0.0984807,-1.7,0
4,251219.025694202,5485492.25107515,12,43,0,4,2,5,2,2,3,2.79817,2.79817,0,-1.7,0
5,252219.025694202,5485492.25107515,12,44,0,5,1,4.05,1,2,3,2.22551,2.30506,0.0795488,-1.7,1
6,262219.025694202,5485492.25107515,12,54,0,2,1,5,1,3,3,2.11693,2.11693,0,-1.7,0
7,240219.025694202,5484492.25107515,13,32,1,3,5,4.05,5,1,3,3.11367,3.22497,0.111296,-1.7,0
8,250219.025694202,5484492.25107515,13,42,0,3,2,5,3,2,3,2.85364,2.85364,0,-1.7,0
9,251219.025694202,5484492.25107515,13,43,0,4,2,4.05,1,2,3,2.40685,2.49288,0.086031,-1.7,0
10,262219.025694202,5484492.25107515,13,54,0,1,1,5,1,3,3,1.88597,1.88597,0,-1.7,0
11,241219.025694202,5483492.25107515,14,33,1,3,5,4.05,5,1,3,3.11367,3.22497,0.111296,-1.7,0
12,249219.025694202,5483492.25107515,14,41,0,2,3,4.05,4,2,3,2.89048,2.9938,0.103318,-1.7,0
13,250219.025694202,5483492.25107515,14,42,0,4,3,4.05,3,2,3,3.09256,3.2031,0.110541,-1.7,0
14,262219.025694202,5483492.25107515,14,54,0,2,1,5,1,3,3,2.11693,2.11693,0,-1.7,0
15,240219.025694202,5482492.25107515,15,32,1,3,5,4.05,5,1,3,3.11367,3.22497,0.111296,-1.7,0
16,247219.025694202,5482492.25107515,15,39,1,4,4,3.21886,4,2,3,3.27596,3.52547,0.249506,-1.7,0
17,248219.025694202,5482492.25107515,15,40,0,5,4,4.05,4,2,3,3.53278,3.65905,0.126276,-1.7,1
18,251219.025694202,5482492.25107515,15,43,0,3,2,5,3,2,3,2.85364,2.85364,0,-1.7,0
19,261219.025694202,5482492.25107515,15,53,0,1,1,5,1,3,3,1.88597,1.88597,0,-1.7,0
20,279219.025694202,5482492.25107515,15,71,0,2,1,3.89861,1,3,3,2.03094,2.11693,0.0859928,-1.7,0
21,240219.025694202,5481492.25107515,16,32,1,3,5,4.05,5,1,3,3.11367,3.22497,0.111296,-1.7,0
22,247219.025694202,5481492.25107515,16,39,0,4,4,3.21886,4,2,3,3.27596,3.52547,0.249506,-1.7,0
23,251219.025694202,5481492.25107515,16,43,0,2,2,5,3,2,3,2.66717,2.66717,0,-1.7,0
24,260219.025694202,5481492.25107515,16,52,0,2,1,5,1,3,3,2.11693,2.11693,0,-1.7,0
25,263219.025694202,5481492.25107515,16,55,0,1,1,5,1,2,3,1.76273,1.76273,0,-1.7,0
26,265219.025694202,5481492.25107515,16,57,0,2,2,5,1,2,3,2.22091,2.22091,0,-1.7,0
27,278219.025694202,5481492.25107515,16,70,0,2,1,5,2,3,3,2.37618,2.37618,0,-1.7,0
28,239219.025694202,5480492.25107515,17,31,1,3,5,4.05,5,1,3,3.11367,3.22497,0.111296,-1.7,0
29,247219.025694202,5480492.25107515,17,39,0,4,5,3.21886,4,2,3,3.40009,3.65905,0.25896,-1.7,0
30,252219.025694202,5480492.25107515,17,44,0,3,2,3.89861,2,2,3,2.55882,2.66717,0.108344,-1.7,0
31,264219.025694202,5480492.25107515,17,56,0,2,2,5,3,2,3,2.66717,2.66717,0,-1.7,0
32,276219.025694202,5480492.25107515,17,68,0,2,1,5,2,3,3,2.37618,2.37618,0,-1.7,0
33,278219.025694202,5480492.25107515,17,70,0,2,1,5,1,3,3,2.11693,2.11693,0,-1.7,0
34,279219.025694202,5480492.25107515,17,71,0,2,1,5,1,3,3,2.11693,2.11693,0,-1.7,0
35,240219.025694202,5479492.25107515,18,32,1,3,5,4.05,5,1,3,3.11367,3.22497,0.111296,-1.7,0
36,248219.025694202,5479492.25107515,18,40,0,5,5,3.14169,4,2,3,3.51468,3.7977,0.283017,-1.7,1
37,251219.025694202,5479492.25107515,18,43,1,2,3,4.05,4,2,3,2.89048,2.9938,0.103318,-1.7,0
38,264219.025694202,5479492.25107515,18,56,0,2,2,5,3,2,3,2.66717,2.66717,0,-1.7,0
39,273219.025694202,5479492.25107515,18,65,0,1,2,5,2,3,3,2.37618,2.37618,0,-1.7,0
40,274219.025694202,5479492.25107515,18,66,0,1,2,5,1,3,3,2.11693,2.11693,0,-1.7,0
41,275219.025694202,5479492.25107515,18,67,0,1,2,5,2,3,3,2.37618,2.37618,0,-1.7,0
42,276219.025694202,5479492.25107515,18,68,0,1,2,5,2,3,3,2.37618,2.37618,0,-1.7,0
43,277219.025694202,5479492.25107515,18,69,0,2,1,5,2,3,3,2.37618,2.37618,0,-1.7,0
44,241219.025694202,5478492.25107515,19,33,1,4,5,4.05,5,1,3,3.2666,3.38336,0.116762,-1.7,0
45,249219.025694202,5478492.25107515,19,41,1,2,4,4.05,4,2,3,3.03244,3.14084,0.108392,-1.7,0
46,252219.025694202,5478492.25107515,19,44,1,2,2,4.05,4,2,3,2.7016,2.79817,0.0965664,-1.7,0
47,253219.025694202,5478492.25107515,19,45,1,2,2,3.89861,4,2,3,2.6845,2.79817,0.113666,-1.7,0
48,254219.025694202,5478492.25107515,19,46,1,2,2,4.05,5,3,3,3,3.10723,0.107233,-1.7,0
49,255219.025694202,5478492.25107515,19,47,1,3,1,4.05,5,3,3,2.85955,2.96177,0.102212,-1.7,0
50,264219.025694202,5478492.25107515,19,56,0,1,2,5,3,2,3,2.37618,2.37618,0,-1.7,0
51,272219.025694202,5478492.25107515,19,64,0,1,2,4.05,2,3,3,2.29417,2.37618,0.0820034,-1.7,0
52,273219.025694202,5478492.25107515,19,65,0,2,2,5,1,3,3,2.37618,2.37618,0,-1.7,0
53,277219.025694202,5478492.25107515,19,69,0,1,1,5,1,3,3,1.88597,1.88597,0,-1.7,0
54,289219.025694202,5478492.25107515,19,81,0,4,1,3.89861,1,2,3,2.13069,2.22091,0.0902166,-1.7,0
55,242219.025694202,5477492.25107515,20,34,1,2,5,4.05,5,1,3,2.91021,3.01423,0.104023,-1.7,0
56,249219.025694202,5477492.25107515,20,41,1,2,5,4.05,4,2,3,3.14735,3.25984,0.112499,-1.7,0
57,256219.025694202,5477492.25107515,20,48,1,3,2,5,5,3,3,3.32447,3.32447,0,-1.7,0
58,263219.025694202,5477492.25107515,20,55,0,1,2,5,3,2,3,2.37618,2.37618,0,-1.7,0
59,265219.025694202,5477492.25107515,20,57,0,1,2,5,1,2,3,1.9786,1.9786,0,-1.7,0
60,271219.025694202,5477492.25107515,20,63,0,1,2,4.05,1,3,3,2.04388,2.11693,0.0730567,-1.7,0
61,272219.025694202,5477492.25107515,20,64,0,1,2,4.05,1,3,3,2.04388,2.11693,0.0730567,-1.7,0
62,289219.025694202,5477492.25107515,20,81,0,4,1,5,1,2,3,2.22091,2.22091,0,-1.7,0
63,241219.025694202,5476492.25107515,21,33,1,3,5,4.05,5,1,3,3.11367,3.22497,0.111296,-1.7,0
64,248219.025694202,5476492.25107515,21,40,1,2,5,3.89861,4,1,3,2.78622,2.90419,0.117972,-1.7,0
65,256219.025694202,5476492.25107515,21,48,1,3,2,5,5,3,3,3.32447,3.32447,0,-1.7,0
66,263219.025694202,5476492.25107515,21,55,0,4,2,5,3,2,3,2.9938,2.9938,0,-1.7,0
67,264219.025694202,5476492.25107515,21,56,0,1,2,5,3,2,3,2.37618,2.37618,0,-1.7,0
68,267219.025694202,5476492.25107515,21,59,0,4,3,5,2,3,3,3.2031,3.2031,0,-1.7,0
69,268219.025694202,5476492.25107515,21,60,0,3,2,5,2,3,3,2.85364,2.85364,0,-1.7,0
70,269219.025694202,5476492.25107515,21,61,0,3,2,5,2,3,3,2.85364,2.85364,0,-1.7,0
71,270219.025694202,5476492.25107515,21,62,0,1,2,5,1,3,3,2.11693,2.11693,0,-1.7,0
72,286219.025694202,5476492.25107515,21,78,0,2,1,5,2,2,3,2.22091,2.22091,0,-1.7,0
73,287219.025694202,5476492.25107515,21,79,0,3,1,5,1,2,3,2.11693,2.11693,0,-1.7,0
74,288219.025694202,5476492.25107515,21,80,0,2,1,5,1,2,3,1.9786,1.9786,0,-1.7,0
75,242219.025694202,5475492.25107515,22,34,1,2,5,4.05,5,1,3,2.91021,3.01423,0.104023,-1.7,0
76,243219.025694202,5475492.25107515,22,35,1,2,5,4.05,5,1,3,2.91021,3.01423,0.104023,-1.7,0
77,244219.025694202,5475492.25107515,22,36,1,2,5,4.05,5,1,3,2.91021,3.01423,0.104023,-1.7,0
78,245219.025694202,5475492.25107515,22,37,1,2,5,4.05,5,1,3,2.91021,3.01423,0.104023,-1.7,0
79,246219.025694202,5475492.25107515,22,38,1,2,5,4.05,5,1,3,2.91021,3.01423,0.104023,-1.7,0
80,247219.025694202,5475492.25107515,22,39,1,2,5,3.89861,5,1,3,2.89179,3.01423,0.122442,-1.7,0
81,257219.025694202,5475492.25107515,22,49,1,1,2,5,5,3,3,2.76823,2.76823,0,-1.7,0
82,263219.025694202,5475492.25107515,22,55,0,2,2,5,3,2,3,2.66717,2.66717,0,-1.7,0
83,264219.025694202,5475492.25107515,22,56,0,2,2,5,3,2,3,2.66717,2.66717,0,-1.7,0
84,269219.025694202,5475492.25107515,22,61,0,2,2,5,1,3,3,2.37618,2.37618,0,-1.7,0
85,275219.025694202,5475492.25107515,22,67,0,2,2,5,3,2,3,2.66717,2.66717,0,-1.7,0
86,276219.025694202,5475492.25107515,22,68,0,2,2,5,3,2,3,2.66717,2.66717,0,-1.7,0
87,286219.025694202,5475492.25107515,22,78,0,2,1,5,2,2,3,2.22091,2.22091,0,-1.7,0
88,258219.025694202,5474492.25107515,23,50,1,2,2,5,5,2,3,2.90419,2.90419,0,-1.7,0
89,263219.025694202,5474492.25107515,23,55,0,3,3,5,3,2,3,3.05315,3.05315,0,-1.7,0
90,264219.025694202,5474492.25107515,23,56,0,2,3,3.89861,3,3,3,2.92912,3.05315,0.124023,-1.7,0
91,275219.025694202,5474492.25107515,23,67,0,3,2,5,2,2,3,2.66717,2.66717,0,-1.7,0
92,276219.025694202,5474492.25107515,23,68,0,2,2,5,3,2,3,2.66717,2.66717,0,-1.7,0
93,286219.025694202,5474492.25107515,23,78,0,3,1,5,2,2,3,2.37618,2.37618,0,-1.7,0
94,287219.025694202,5474492.25107515,23,79,0,3,1,5,1,2,3,2.11693,2.11693,0,-1.7,0
95,259219.025694202,5473492.25107515,24,51,1,2,2,5,5,2,3,2.90419,2.90419,0,-1.7,0
96,262219.025694202,5473492.25107515,24,54,0,2,3,4.05,4,2,3,2.89048,2.9938,0.103318,-1.7,0
97,264219.025694202,5473492.25107515,24,56,0,3,3,4.05,3,3,3,3.15387,3.2666,0.112732,-1.7,0
98,276219.025694202,5473492.25107515,24,68,0,3,2,5,3,2,3,2.85364,2.85364,0,-1.7,0
99,277219.025694202,5473492.25107515,24,69,0,2,1,4.05,1,2,3,1.91032,1.9786,0.0682827,-1.7,0
100,285219.025694202,5473492.25107515,24,77,0,2,1,5,3,2,3,2.37618,2.37618,0,-1.7,0
101,286219.025694202,5473492.25107515,24,78,0,2,1,5,2,2,3,2.22091,2.22091,0,-1.7,0
102,260219.025694202,5472492.25107515,25,52,1,2,3,5,5,2,3,3.10723,3.10723,0,-1.7,0
103,262219.025694202,5472492.25107515,25,54,1,2,3,3.89861,4,2,3,2.87218,2.9938,0.121612,-1.7,0
104,264219.025694202,5472492.25107515,25,56,1,3,3,4.05,5,3,3,3.43414,3.55689,0.122751,-1.7,0
105,276219.025694202,5472492.25107515,25,68,0,3,2,5,2,2,3,2.66717,2.66717,0,-1.7,0
106,285219.025694202,5472492.25107515,25,77,0,3,1,5,3,2,3,2.5423,2.5423,0,-1.7,0
107,286219.025694202,5472492.25107515,25,78,0,3,1,5,2,2,3,2.37618,2.37618,0,-1.7,0
108,261219.025694202,5471492.25107515,26,53,1,2,4,4.05,5,2,3,3.14735,3.25984,0.112499,-1.7,0
109,264219.025694202,5471492.25107515,26,56,1,3,3,4.05,5,2,3,3.20974,3.32447,0.114729,-1.7,0
110,276219.025694202,5471492.25107515,26,68,0,3,2,5,2,2,3,2.66717,2.66717,0,-1.7,0
111,285219.025694202,5471492.25107515,26,77,0,2,1,5,2,2,3,2.22091,2.22091,0,-1.7,0
112,286219.025694202,5471492.25107515,26,78,0,1,1,5,1,2,3,1.76273,1.76273,0,-1.7,0
113,298219.025694202,5471492.25107515,26,90,0,3,1,3.89861,1,3,3,2.17293,2.26493,0.0920048,-1.7,0
114,264219.025694202,5470492.25107515,27,56,1,3,3,4.05,5,2,3,3.20974,3.32447,0.114729,-1.7,0
115,276219.025694202,5470492.25107515,27,68,0,2,2,5,3,2,3,2.66717,2.66717,0,-1.7,0
116,283219.025694202,5470492.25107515,27,75,0,3,1,5,3,2,3,2.5423,2.5423,0,-1.7,0
117,284219.025694202,5470492.25107515,27,76,0,2,1,5,3,2,3,2.37618,2.37618,0,-1.7,0
118,285219.025694202,5470492.25107515,27,77,0,1,1,5,1,2,3,1.76273,1.76273,0,-1.7,0
119,263219.025694202,5469492.25107515,28,55,1,2,3,5,5,2,3,3.10723,3.10723,0,-1.7,0
120,276219.025694202,5469492.25107515,28,68,0,3,1,5,2,2,3,2.37618,2.37618,0,-1.7,0
121,277219.025694202,5469492.25107515,28,69,0,1,2,5,3,2,3,2.37618,2.37618,0,-1.7,0
122,283219.025694202,5469492.25107515,28,75,0,2,2,5,3,2,3,2.66717,2.66717,0,-1.7,0
123,284219.025694202,5469492.25107515,28,76,0,2,1,5,3,2,3,2.37618,2.37618,0,-1.7,0
124,296219.025694202,5469492.25107515,28,88,0,2,1,5,2,3,3,2.37618,2.37618,0,-1.7,0
125,263219.025694202,5468492.25107515,29,55,1,2,3,5,5,2,3,3.10723,3.10723,0,-1.7,0
126,276219.025694202,5468492.25107515,29,68,0,3,1,5,3,2,3,2.5423,2.5423,0,-1.7,0
127,278219.025694202,5468492.25107515,29,70,0,3,3,5,2,2,3,2.85364,2.85364,0,-1.7,0
128,282219.025694202,5468492.25107515,29,74,0,2,2,5,3,2,3,2.66717,2.66717,0,-1.7,0
129,285219.025694202,5468492.25107515,29,77,0,2,2,5,1,2,3,2.22091,2.22091,0,-1.7,0
130,296219.025694202,5468492.25107515,29,88,0,4,1,5,2,3,3,2.66717,2.66717,0,-1.7,0
131,264219.025694202,5467492.25107515,30,56,1,3,3,5,5,2,3,3.32447,3.32447,0,-1.7,0
132,276219.025694202,5467492.25107515,30,68,0,2,2,5,3,2,3,2.66717,2.66717,0,-1.7,0
133,279219.025694202,5467492.25107515,30,71,0,1,3,5,3,2,3,2.5423,2.5423,0,-1.7,0
134,280219.025694202,5467492.25107515,30,72,0,2,3,5,3,2,3,2.85364,2.85364,0,-1.7,0
135,281219.025694202,5467492.25107515,30,73,0,1,3,5,3,2,3,2.5423,2.5423,0,-1.7,0
136,285219.025694202,5467492.25107515,30,77,0,3,2,5,1,2,3,2.37618,2.37618,0,-1.7,0
137,295219.025694202,5467492.25107515,30,87,0,2,1,5,3,3,3,2.5423,2.5423,0,-1.7,0
138,296219.025694202,5467492.25107515,30,88,0,3,1,5,2,3,3,2.5423,2.5423,0,-1.7,0
139,265219.025694202,5466492.25107515,31,57,1,2,2,4.05,5,2,3,2.80397,2.90419,0.100225,-1.7,0
140,276219.025694202,5466492.25107515,31,68,0,2,2,5,3,2,3,2.66717,2.66717,0,-1.7,0
141,277219.025694202,5466492.25107515,31,69,0,2,3,5,3,2,3,2.85364,2.85364,0,-1.7,0
142,279219.025694202,5466492.25107515,31,71,0,2,3,5,3,2,3,2.85364,2.85364,0,-1.7,0
143,280219.025694202,5466492.25107515,31,72,0,2,3,5,2,2,3,2.66717,2.66717,0,-1.7,0
144,281219.025694202,5466492.25107515,31,73,0,2,3,5,2,2,3,2.66717,2.66717,0,-1.7,0
145,282219.025694202,5466492.25107515,31,74,0,3,2,5,2,2,3,2.66717,2.66717,0,-1.7,0
146,284219.025694202,5466492.25107515,31,76,0,4,2,5,2,2,3,2.79817,2.79817,0,-1.7,0
147,295219.025694202,5466492.25107515,31,87,0,2,1,5,2,3,3,2.37618,2.37618,0,-1.7,0
148,296219.025694202,5466492.25107515,31,88,0,3,1,5,2,3,3,2.5423,2.5423,0,-1.7,0
149,264219.025694202,5465492.25107515,32,56,1,3,3,4.05,5,1,3,2.85955,2.96177,0.102212,-1.7,0
150,277219.025694202,5465492.25107515,32,69,0,2,3,5,3,2,3,2.85364,2.85364,0,-1.7,0
151,278219.025694202,5465492.25107515,32,70,0,1,3,5,3,2,3,2.5423,2.5423,0,-1.7,0
152,279219.025694202,5465492.25107515,32,71,0,2,3,5,3,2,3,2.85364,2.85364,0,-1.7,0
153,283219.025694202,5465492.25107515,32,75,0,4,2,5,1,2,3,2.49288,2.49288,0,-1.7,0
154,295219.025694202,5465492.25107515,32,87,0,3,1,5,2,3,3,2.5423,2.5423,0,-1.7,0
155,296219.025694202,5465492.25107515,32,88,0,2,1,5,1,3,3,2.11693,2.11693,0,-1.7,0
156,264219.025694202,5464492.25107515,33,56,1,5,3,5,5,1,3,3.22497,3.22497,0,-1.7,1
157,276219.025694202,5464492.25107515,33,68,0,3,3,4.05,1,2,3,2.45457,2.5423,0.0877364,-1.7,0
158,278219.025694202,5464492.25107515,33,70,0,2,3,5,3,2,3,2.85364,2.85364,0,-1.7,0
159,279219.025694202,5464492.25107515,33,71,0,1,3,5,2,2,3,2.37618,2.37618,0,-1.7,0
160,280219.025694202,5464492.25107515,33,72,0,2,2,5,1,2,3,2.22091,2.22091,0,-1.7,0
161,294219.025694202,5464492.25107515,33,86,0,3,1,5,3,3,3,2.72004,2.72004,0,-1.7,0
162,295219.025694202,5464492.25107515,33,87,0,2,1,5,2,3,3,2.37618,2.37618,0,-1.7,0
163,265219.025694202,5463492.25107515,34,57,1,2,3,4.05,5,1,3,2.6727,2.76823,0.0955334,-1.7,0
164,278219.025694202,5463492.25107515,34,70,0,3,3,5,3,2,3,3.05315,3.05315,0,-1.7,0
165,293219.025694202,5463492.25107515,34,85,0,3,1,5,2,3,3,2.5423,2.5423,0,-1.7,0
166,295219.025694202,5463492.25107515,34,87,0,3,1,5,2,3,3,2.5423,2.5423,0,-1.7,0
167,266219.025694202,5462492.25107515,35,58,1,1,3,4.05,5,1,3,2.3811,2.46621,0.0851104,-1.7,0
168,269219.025694202,5462492.25107515,35,61,1,3,2,4.05,4,1,3,2.57512,2.66717,0.0920458,-1.7,0
169,270219.025694202,5462492.25107515,35,62,1,4,3,4.05,5,2,3,3.36739,3.48775,0.120364,-1.7,0
170,271219.025694202,5462492.25107515,35,63,1,4,3,3.21886,4,2,3,3.1226,3.36042,0.237825,-1.7,0
171,278219.025694202,5462492.25107515,35,70,0,4,3,5,3,2,3,3.2031,3.2031,0,-1.7,0
172,288219.025694202,5462492.25107515,35,80,0,4,2,4.05,3,2,3,2.89048,2.9938,0.103318,-1.7,0
173,289219.025694202,5462492.25107515,35,81,0,3,3,3.89861,3,2,3,2.92912,3.05315,0.124023,-1.7,0
174,290219.025694202,5462492.25107515,35,82,0,3,3,3.89861,3,3,3,3.13391,3.2666,0.132694,-1.7,0
175,292219.025694202,5462492.25107515,35,84,0,3,1,4.05,1,3,3,2.18677,2.26493,0.0781641,-1.7,0
176,294219.025694202,5462492.25107515,35,86,0,3,1,5,2,3,3,2.5423,2.5423,0,-1.7,0
177,295219.025694202,5462492.25107515,35,87,0,2,1,5,2,3,3,2.37618,2.37618,0,-1.7,0
178,267219.025694202,5461492.25107515,36,59,1,2,4,4.05,5,1,3,2.80397,2.90419,0.100225,-1.7,0
179,268219.025694202,5461492.25107515,36,60,1,1,4,4.05,5,1,3,2.49805,2.58734,0.0892909,-1.7,0
180,270219.025694202,5461492.25107515,36,62,1,2,3,4.05,5,1,3,2.6727,2.76823,0.0955334,-1.7,0
181,277219.025694202,5461492.25107515,36,69,0,2,4,3.14169,4,2,3,2.90677,3.14084,0.234065,-1.7,0
182,279219.025694202,5461492.25107515,36,71,0,2,2,5,3,2,3,2.66717,2.66717,0,-1.7,0
183,288219.025694202,5461492.25107515,36,80,0,2,2,4.05,3,2,3,2.57512,2.66717,0.0920458,-1.7,0
184,291219.025694202,5461492.25107515,36,83,0,3,2,4.05,3,3,3,2.94778,3.05315,0.105366,-1.7,0
185,294219.025694202,5461492.25107515,36,86,0,2,1,5,2,3,3,2.37618,2.37618,0,-1.7,0
186,295219.025694202,5461492.25107515,36,87,0,2,1,5,1,3,3,2.11693,2.11693,0,-1.7,0
187,271219.025694202,5460492.25107515,37,63,1,3,4,4.05,5,1,3,3,3.10723,0.107233,-1.7,0
188,272219.025694202,5460492.25107515,37,64,1,3,4,4.05,5,2,3,3.36739,3.48775,0.120364,-1.7,0
189,273219.025694202,5460492.25107515,37,65,1,4,4,4.05,5,2,3,3.53278,3.65905,0.126276,-1.7,0
190,275219.025694202,5460492.25107515,37,67,0,3,4,4.05,4,2,3,3.24445,3.36042,0.11597,-1.7,0
191,276219.025694202,5460492.25107515,37,68,1,4,4,4.05,4,2,3,3.4038,3.52547,0.121666,-1.7,0
192,279219.025694202,5460492.25107515,37,71,0,3,2,4.05,4,2,3,2.89048,2.9938,0.103318,-1.7,0
193,286219.025694202,5460492.25107515,37,78,0,2,2,4.05,3,2,3,2.57512,2.66717,0.0920458,-1.7,0
194,287219.025694202,5460492.25107515,37,79,0,2,2,5,2,2,3,2.49288,2.49288,0,-1.7,0
195,290219.025694202,5460492.25107515,37,82,0,1,3,4.05,3,3,3,2.62617,2.72004,0.0938704,-1.7,0
196,292219.025694202,5460492.25107515,37,84,0,3,2,4.05,3,3,3,2.94778,3.05315,0.105366,-1.7,0
197,293219.025694202,5460492.25107515,37,85,0,4,1,4.05,3,3,3,2.75516,2.85364,0.0984807,-1.7,0
198,294219.025694202,5460492.25107515,37,86,0,3,1,4.05,2,3,3,2.45457,2.5423,0.0877364,-1.7,0
199,300219.025694202,5460492.25107515,37,92,0,4,1,5,2,2,3,2.49288,2.49288,0,-1.7,0
200,274219.025694202,5459492.25107515,38,66,1,3,5,4.05,5,2,3,3.49498,3.6199,0.124925,-1.7,0
201,280219.025694202,5459492.25107515,38,72,0,3,2,3.89861,4,2,3,2.87218,2.9938,0.121612,-1.7,0
202,286219.025694202,5459492.25107515,38,78,0,3,2,4.05,3,2,3,2.75516,2.85364,0.0984807,-1.7,0
203,288219.025694202,5459492.25107515,38,80,0,2,3,4.05,2,3,3,2.75516,2.85364,0.0984807,-1.7,0
204,289219.025694202,5459492.25107515,38,81,0,2,3,4.05,2,3,3,2.75516,2.85364,0.0984807,-1.7,0
205,290219.025694202,5459492.25107515,38,82,0,2,3,4.05,2,3,3,2.75516,2.85364,0.0984807,-1.7,0
206,291219.025694202,5459492.25107515,38,83,0,2,3,5,3,3,3,3.05315,3.05315,0,-1.7,0
207,294219.025694202,5459492.25107515,38,86,0,2,1,5,2,3,3,2.37618,2.37618,0,-1.7,0
208,299219.025694202,5459492.25107515,38,91,0,3,1,5,2,2,3,2.37618,2.37618,0,-1.7,0
209,300219.025694202,5459492.25107515,38,92,0,2,1,5,1,2,3,1.9786,1.9786,0,-1.7,0
210,276219.025694202,5458492.25107515,39,68,0,3,5,4.05,4,2,3,3.36739,3.48775,0.120364,-1.7,0
211,281219.025694202,5458492.25107515,39,73,0,3,2,3.89861,4,2,3,2.87218,2.9938,0.121612,-1.7,0
212,285219.025694202,5458492.25107515,39,77,0,3,2,4.05,3,2,3,2.75516,2.85364,0.0984807,-1.7,0
213,287219.025694202,5458492.25107515,39,79,0,2,2,3.89861,2,3,3,2.55882,2.66717,0.108344,-1.7,0
214,288219.025694202,5458492.25107515,39,80,0,3,3,3.89861,2,3,3,2.92912,3.05315,0.124023,-1.7,0
215,292219.025694202,5458492.25107515,39,84,0,1,3,5,1,3,3,2.26493,2.26493,0,-1.7,0
216,293219.025694202,5458492.25107515,39,85,0,1,2,5,2,3,3,2.37618,2.37618,0,-1.7,0
217,294219.025694202,5458492.25107515,39,86,0,2,2,4.05,2,3,3,2.57512,2.66717,0.0920458,-1.7,0
218,295219.025694202,5458492.25107515,39,87,0,4,2,4.05,1,3,3,2.57512,2.66717,0.0920458,-1.7,0
219,298219.025694202,5458492.25107515,39,90,0,4,1,4.05,3,2,3,2.57512,2.66717,0.0920458,-1.7,0
220,299219.025694202,5458492.25107515,39,91,0,3,1,4.05,1,2,3,2.04388,2.11693,0.0730567,-1.7,0
221,275219.025694202,5457492.25107515,40,67,1,2,5,4.05,5,2,3,3.2666,3.38336,0.116762,-1.7,0
222,277219.025694202,5457492.25107515,40,69,0,2,5,4.05,3,2,3,3,3.10723,0.107233,-1.7,0
223,282219.025694202,5457492.25107515,40,74,0,2,3,3.89861,3,2,3,2.73772,2.85364,0.115919,-1.7,0
224,284219.025694202,5457492.25107515,40,76,0,2,2,3.89861,2,2,3,2.39162,2.49288,0.101265,-1.7,0
225,285219.025694202,5457492.25107515,40,77,0,3,2,5,2,3,3,2.85364,2.85364,0,-1.7,0
226,287219.025694202,5457492.25107515,40,79,0,3,3,3.89861,1,3,3,2.60955,2.72004,0.110492,-1.7,0
227,288219.025694202,5457492.25107515,40,80,0,3,3,3.89861,1,3,3,2.60955,2.72004,0.110492,-1.7,0
228,297219.025694202,5457492.25107515,40,89,0,3,1,4.05,1,2,3,2.04388,2.11693,0.0730567,-1.7,0
229,299219.025694202,5457492.25107515,40,91,0,3,1,4.05,1,2,3,2.04388,2.11693,0.0730567,-1.7,0
230,366219.025694202,5457492.25107515,40,158,0,4,3,4.05,2,5,3,3.36739,3.48775,0.120364,-1.7,0
231,274219.025694202,5456492.25107515,41,66,1,2,5,4.05,5,1,3,2.91021,3.01423,0.104023,-1.7,0
232,276219.025694202,5456492.25107515,41,68,0,2,5,4.05,4,2,3,3.14735,3.25984,0.112499,-1.7,0
233,279219.025694202,5456492.25107515,41,71,0,2,4,4.05,3,2,3,2.89048,2.9938,0.103318,-1.7,0
234,280219.025694202,5456492.25107515,41,72,0,3,4,4.05,3,2,3,3.09256,3.2031,0.110541,-1.7,0
235,281219.025694202,5456492.25107515,41,73,0,4,4,5,3,2,3,3.36042,3.36042,0,-1.7,0
236,282219.025694202,5456492.25107515,41,74,0,2,3,4.05,3,2,3,2.75516,2.85364,0.0984807,-1.7,0
237,283219.025694202,5456492.25107515,41,75,0,3,3,4.05,3,2,3,2.94778,3.05315,0.105366,-1.7,0
238,286219.025694202,5456492.25107515,41,78,0,4,3,4.05,1,3,3,2.75516,2.85364,0.0984807,-1.7,0
239,291219.025694202,5456492.25107515,41,83,0,2,3,5,1,2,3,2.37618,2.37618,0,-1.7,0
240,292219.025694202,5456492.25107515,41,84,0,1,3,5,2,2,3,2.37618,2.37618,0,-1.7,0
241,296219.025694202,5456492.25107515,41,88,0,3,2,4.05,1,2,3,2.29417,2.37618,0.0820034,-1.7,0
242,298219.025694202,5456492.25107515,41,90,0,4,1,5,2,2,3,2.49288,2.49288,0,-1.7,0
243,366219.025694202,5456492.25107515,41,158,0,3,3,4.05,2,5,3,3.20974,3.32447,0.114729,-1.7,0
244,367219.025694202,5456492.25107515,41,159,0,4,3,4.05,3,5,3,3.60281,3.73159,0.128779,-1.7,0
245,275219.025694202,5455492.25107515,42,67,1,3,5,4.05,5,1,3,3.11367,3.22497,0.111296,-1.7,0
246,278219.025694202,5455492.25107515,42,70,1,5,5,4.05,4,2,3,3.66664,3.7977,0.131061,-1.7,1
247,284219.025694202,5455492.25107515,42,76,0,1,4,3.89861,3,3,3,2.73772,2.85364,0.115919,-1.7,0
248,285219.025694202,5455492.25107515,42,77,0,2,4,3.89861,3,3,3,3.07299,3.2031,0.130115,-1.7,0
249,286219.025694202,5455492.25107515,42,78,0,3,3,4.05,2,3,3,2.94778,3.05315,0.105366,-1.7,0
250,289219.025694202,5455492.25107515,42,81,0,3,2,5,3,2,3,2.85364,2.85364,0,-1.7,0
251,290219.025694202,5455492.25107515,42,82,0,1,2,5,2,2,3,2.22091,2.22091,0,-1.7,0
252,292219.025694202,5455492.25107515,42,84,0,1,2,5,2,2,3,2.22091,2.22091,0,-1.7,0
253,298219.025694202,5455492.25107515,42,90,0,3,1,5,2,2,3,2.37618,2.37618,0,-1.7,0
254,310219.025694202,5455492.25107515,42,102,0,2,1,5,1,2,3,1.9786,1.9786,0,-1.7,0
255,366219.025694202,5455492.25107515,42,158,0,3,3,4.05,2,5,3,3.20974,3.32447,0.114729,-1.7,0
256,367219.025694202,5455492.25107515,42,159,0,3,3,4.05,2,5,3,3.20974,3.32447,0.114729,-1.7,0
257,276219.025694202,5454492.25107515,43,68,1,1,5,4.05,5,1,3,2.5927,2.68538,0.092674,-1.7,0
258,278219.025694202,5454492.25107515,43,70,1,4,5,3.21886,4,2,3,3.40009,3.65905,0.25896,-1.7,0
259,285219.025694202,5454492.25107515,43,77,0,2,4,4.05,3,3,3,3.09256,3.2031,0.110541,-1.7,0
260,286219.025694202,5454492.25107515,43,78,0,2,4,4.05,3,3,3,3.09256,3.2031,0.110541,-1.7,0
261,289219.025694202,5454492.25107515,43,81,0,3,2,5,2,2,3,2.66717,2.66717,0,-1.7,0
262,290219.025694202,5454492.25107515,43,82,0,3,2,5,2,2,3,2.66717,2.66717,0,-1.7,0
263,291219.025694202,5454492.25107515,43,83,0,2,2,5,2,2,3,2.49288,2.49288,0,-1.7,0
264,292219.025694202,5454492.25107515,43,84,0,2,2,5,1,2,3,2.22091,2.22091,0,-1.7,0
265,296219.025694202,5454492.25107515,43,88,0,3,2,5,3,2,3,2.85364,2.85364,0,-1.7,0
266,298219.025694202,5454492.25107515,43,90,0,3,2,5,2,2,3,2.66717,2.66717,0,-1.7,0
267,305219.025694202,5454492.25107515,43,97,0,3,1,4.05,1,2,3,2.04388,2.11693,0.0730567,-1.7,0
268,308219.025694202,5454492.25107515,43,100,0,2,1,5,1,2,3,1.9786,1.9786,0,-1.7,0
269,309219.025694202,5454492.25107515,43,101,0,3,1,5,1,2,3,2.11693,2.11693,0,-1.7,0
270,310219.025694202,5454492.25107515,43,102,0,2,1,4.05,1,2,3,1.91032,1.9786,0.0682827,-1.7,0
271,366219.025694202,5454492.25107515,43,158,0,2,2,5,1,5,3,2.58734,2.58734,0,-1.7,0
272,367219.025694202,5454492.25107515,43,159,0,3,2,5,2,5,3,3.10723,3.10723,0,-1.7,0
273,275219.025694202,5453492.25107515,44,67,1,2,5,4.05,5,1,3,2.91021,3.01423,0.104023,-1.7,0
274,277219.025694202,5453492.25107515,44,69,0,2,5,4.05,3,2,3,3,3.10723,0.107233,-1.7,0
275,278219.025694202,5453492.25107515,44,70,1,1,5,3.21886,4,2,3,2.69865,2.90419,0.205537,-1.7,0
276,286219.025694202,5453492.25107515,44,78,0,3,4,4.05,3,3,3,3.30877,3.42704,0.118269,-1.7,0
277,289219.025694202,5453492.25107515,44,81,0,2,2,5,1,2,3,2.22091,2.22091,0,-1.7,0
278,291219.025694202,5453492.25107515,44,83,0,2,2,5,1,2,3,2.22091,2.22091,0,-1.7,0
279,296219.025694202,5453492.25107515,44,88,0,3,2,4.05,3,2,3,2.75516,2.85364,0.0984807,-1.7,0
280,297219.025694202,5453492.25107515,44,89,0,2,2,4.05,3,2,3,2.57512,2.66717,0.0920458,-1.7,0
281,298219.025694202,5453492.25107515,44,90,0,4,2,4.05,2,2,3,2.7016,2.79817,0.0965664,-1.7,0
282,307219.025694202,5453492.25107515,44,99,0,2,1,5,2,2,3,2.22091,2.22091,0,-1.7,0
283,367219.025694202,5453492.25107515,44,159,0,2,2,5,2,5,3,2.90419,2.90419,0,-1.7,0
284,274219.025694202,5452492.25107515,45,66,1,2,5,4.05,5,1,3,2.91021,3.01423,0.104023,-1.7,0
285,275219.025694202,5452492.25107515,45,67,1,2,5,4.05,4,1,3,2.80397,2.90419,0.100225,-1.7,0
286,278219.025694202,5452492.25107515,45,70,1,2,5,4.05,4,1,3,2.80397,2.90419,0.100225,-1.7,0
287,279219.025694202,5452492.25107515,45,71,1,3,5,4.05,4,2,3,3.36739,3.48775,0.120364,-1.7,0
288,284219.025694202,5452492.25107515,45,76,1,1,4,4.05,4,3,3,2.89048,2.9938,0.103318,-1.7,0
289,285219.025694202,5452492.25107515,45,77,0,2,4,4.05,4,3,3,3.24445,3.36042,0.11597,-1.7,0
290,286219.025694202,5452492.25107515,45,78,0,2,4,4.05,3,3,3,3.09256,3.2031,0.110541,-1.7,0
291,289219.025694202,5452492.25107515,45,81,0,4,2,4.05,1,2,3,2.40685,2.49288,0.086031,-1.7,0
292,290219.025694202,5452492.25107515,45,82,0,4,2,4.05,2,2,3,2.7016,2.79817,0.0965664,-1.7,0
293,291219.025694202,5452492.25107515,45,83,0,3,2,5,1,2,3,2.37618,2.37618,0,-1.7,0
294,296219.025694202,5452492.25107515,45,88,0,3,2,3.89861,3,2,3,2.73772,2.85364,0.115919,-1.7,0
295,299219.025694202,5452492.25107515,45,91,0,2,2,4.05,1,2,3,2.14426,2.22091,0.0766449,-1.7,0
296,304219.025694202,5452492.25107515,45,96,0,3,1,5,2,2,3,2.37618,2.37618,0,-1.7,0
297,306219.025694202,5452492.25107515,45,98,0,2,1,5,2,2,3,2.22091,2.22091,0,-1.7,0
298,307219.025694202,5452492.25107515,45,99,0,2,1,5,1,2,3,1.9786,1.9786,0,-1.7,0
299,367219.025694202,5452492.25107515,45,159,0,1,2,5,2,5,3,2.58734,2.58734,0,-1.7,0
300,273219.025694202,5451492.25107515,46,65,1,2,5,4.05,5,1,3,2.91021,3.01423,0.104023,-1.7,0
301,275219.025694202,5451492.25107515,46,67,1,2,5,4.05,4,1,3,2.80397,2.90419,0.100225,-1.7,0
302,276219.025694202,5451492.25107515,46,68,1,2,5,4.05,4,1,3,2.80397,2.90419,0.100225,-1.7,0
303,277219.025694202,5451492.25107515,46,69,1,2,5,4.05,4,1,3,2.80397,2.90419,0.100225,-1.7,0
304,279219.025694202,5451492.25107515,46,71,1,3,5,4.05,4,2,3,3.36739,3.48775,0.120364,-1.7,0
305,284219.025694202,5451492.25107515,46,76,0,4,4,3.14169,4,3,3,3.49085,3.77195,0.281098,-1.7,0
306,287219.025694202,5451492.25107515,46,79,0,3,3,4.05,3,2,3,2.94778,3.05315,0.105366,-1.7,0
307,290219.025694202,5451492.25107515,46,82,0,3,2,4.05,1,2,3,2.29417,2.37618,0.0820034,-1.7,0
308,296219.025694202,5451492.25107515,46,88,0,3,2,5,3,2,3,2.85364,2.85364,0,-1.7,0
309,298219.025694202,5451492.25107515,46,90,0,4,2,4.05,2,2,3,2.7016,2.79817,0.0965664,-1.7,0
310,304219.025694202,5451492.25107515,46,96,0,3,2,5,2,2,3,2.66717,2.66717,0,-1.7,0
311,306219.025694202,5451492.25107515,46,98,0,2,1,5,2,2,3,2.22091,2.22091,0,-1.7,0
312,307219.025694202,5451492.25107515,46,99,0,2,1,5,2,2,3,2.22091,2.22091,0,-1.7,0
313,367219.025694202,5451492.25107515,46,159,0,3,2,5,1,5,3,2.76823,2.76823,0,-1.7,0
314,274219.025694202,5450492.25107515,47,66,1,2,5,4.05,5,1,3,2.91021,3.01423,0.104023,-1.7,0
315,279219.025694202,5450492.25107515,47,71,1,2,5,4.05,5,1,3,2.91021,3.01423,0.104023,-1.7,0
316,284219.025694202,5450492.25107515,47,76,0,3,4,4.05,4,3,3,3.47128,3.59536,0.124078,-1.7,0
317,286219.025694202,5450492.25107515,47,78,0,4,4,3.21886,3,2,3,3.1226,3.36042,0.237825,-1.7,0
318,288219.025694202,5450492.25107515,47,80,0,3,3,3.89861,3,2,3,2.92912,3.05315,0.124023,-1.7,0
319,289219.025694202,5450492.25107515,47,81,0,4,2,3.89861,2,2,3,2.6845,2.79817,0.113666,-1.7,0
320,290219.025694202,5450492.25107515,47,82,0,3,2,3.89861,3,2,3,2.73772,2.85364,0.115919,-1.7,0
321,296219.025694202,5450492.25107515,47,88,0,3,2,5,2,2,3,2.66717,2.66717,0,-1.7,0
322,298219.025694202,5450492.25107515,47,90,0,3,3,5,1,2,3,2.5423,2.5423,0,-1.7,0
323,303219.025694202,5450492.25107515,47,95,0,3,2,5,3,2,3,2.85364,2.85364,0,-1.7,0
324,304219.025694202,5450492.25107515,47,96,0,3,2,5,3,2,3,2.85364,2.85364,0,-1.7,0
325,306219.025694202,5450492.25107515,47,98,0,4,1,5,2,2,3,2.49288,2.49288,0,-1.7,0
326,307219.025694202,5450492.25107515,47,99,0,3,1,5,1,2,3,2.11693,2.11693,0,-1.7,0
327,367219.025694202,5450492.25107515,47,159,0,3,2,5,1,5,3,2.76823,2.76823,0,-1.7,0
328,280219.025694202,5449492.25107515,48,72,1,2,5,5,5,2,3,3.38336,3.38336,0,-1.7,0
329,281219.025694202,5449492.25107515,48,73,1,3,5,5,5,2,3,3.6199,3.6199,0,-1.7,0
330,284219.025694202,5449492.25107515,48,76,1,3,5,4.05,4,2,3,3.36739,3.48775,0.120364,-1.7,0
331,285219.025694202,5449492.25107515,48,77,1,2,5,3.89861,4,2,3,3.12742,3.25984,0.13242,-1.7,0
332,287219.025694202,5449492.25107515,48,79,0,3,4,3.89861,2,2,3,2.87218,2.9938,0.121612,-1.7,0
333,288219.025694202,5449492.25107515,48,80,0,3,3,3.89861,3,2,3,2.92912,3.05315,0.124023,-1.7,0
334,290219.025694202,5449492.25107515,48,82,0,3,2,3.89861,3,2,3,2.73772,2.85364,0.115919,-1.7,0
335,296219.025694202,5449492.25107515,48,88,0,3,2,4.05,2,2,3,2.57512,2.66717,0.0920458,-1.7,0
336,297219.025694202,5449492.25107515,48,89,0,4,2,4.05,2,2,3,2.7016,2.79817,0.0965664,-1.7,0
337,302219.025694202,5449492.25107515,48,94,0,3,3,5,3,2,3,3.05315,3.05315,0,-1.7,0
338,305219.025694202,5449492.25107515,48,97,0,2,2,5,2,2,3,2.49288,2.49288,0,-1.7,0
339,306219.025694202,5449492.25107515,48,98,0,2,2,5,1,2,3,2.22091,2.22091,0,-1.7,0
340,366219.025694202,5449492.25107515,48,158,0,1,1,5,1,5,3,2.05357,2.05357,0,-1.7,0
341,367219.025694202,5449492.25107515,48,159,0,4,1,5,2,5,3,2.90419,2.90419,0,-1.7,0
342,282219.025694202,5448492.25107515,49,74,1,2,5,4.05,5,2,3,3.2666,3.38336,0.116762,-1.7,0
343,283219.025694202,5448492.25107515,49,75,1,2,5,3.89861,5,2,3,3.24593,3.38336,0.137437,-1.7,0
344,285219.025694202,5448492.25107515,49,77,1,2,5,4.05,4,2,3,3.14735,3.25984,0.112499,-1.7,0
345,286219.025694202,5448492.25107515,49,78,1,3,5,4.05,4,2,3,3.36739,3.48775,0.120364,-1.7,0
346,289219.025694202,5448492.25107515,49,81,0,3,3,3.89861,3,2,3,2.92912,3.05315,0.124023,-1.7,0
347,291219.025694202,5448492.25107515,49,83,0,3,2,4.05,2,2,3,2.57512,2.66717,0.0920458,-1.7,0
348,295219.025694202,5448492.25107515,49,87,0,3,2,5,2,2,3,2.66717,2.66717,0,-1.7,0
349,296219.025694202,5448492.25107515,49,88,0,3,2,4.05,2,2,3,2.57512,2.66717,0.0920458,-1.7,0
350,297219.025694202,5448492.25107515,49,89,0,3,3,4.05,1,2,3,2.45457,2.5423,0.0877364,-1.7,0
351,302219.025694202,5448492.25107515,49,94,0,3,3,5,3,2,3,3.05315,3.05315,0,-1.7,0
352,305219.025694202,5448492.25107515,49,97,0,3,2,5,2,2,3,2.66717,2.66717,0,-1.7,0
353,367219.025694202,5448492.25107515,49,159,0,3,1,5,1,5,3,2.46621,2.46621,0,-1.7,0
354,284219.025694202,5447492.25107515,50,76,1,3,5,4.05,5,2,3,3.49498,3.6199,0.124925,-1.7,0
355,286219.025694202,5447492.25107515,50,78,0,2,5,4.05,4,2,3,3.14735,3.25984,0.112499,-1.7,0
356,289219.025694202,5447492.25107515,50,81,0,3,3,4.05,3,2,3,2.94778,3.05315,0.105366,-1.7,0
357,291219.025694202,5447492.25107515,50,83,0,3,2,4.05,3,2,3,2.75516,2.85364,0.0984807,-1.7,0
358,295219.025694202,5447492.25107515,50,87,0,3,2,5,2,2,3,2.66717,2.66717,0,-1.7,0
359,298219.025694202,5447492.25107515,50,90,0,3,3,5,2,2,3,2.85364,2.85364,0,-1.7,0
360,299219.025694202,5447492.25107515,50,91,0,3,4,5,2,2,3,2.9938,2.9938,0,-1.7,0
361,300219.025694202,5447492.25107515,50,92,0,2,4,5,2,2,3,2.79817,2.79817,0,-1.7,0
362,301219.025694202,5447492.25107515,50,93,0,2,4,5,2,2,3,2.79817,2.79817,0,-1.7,0
363,303219.025694202,5447492.25107515,50,95,0,3,4,5,2,2,3,2.9938,2.9938,0,-1.7,0
364,304219.025694202,5447492.25107515,50,96,0,2,3,5,2,2,3,2.66717,2.66717,0,-1.7,0
365,305219.025694202,5447492.25107515,50,97,0,4,3,5,1,2,3,2.66717,2.66717,0,-1.7,0
366,368219.025694202,5447492.25107515,50,160,0,1,1,5,1,5,3,2.05357,2.05357,0,-1.7,0
367,284219.025694202,5446492.25107515,51,76,1,3,5,4.05,5,1,3,3.11367,3.22497,0.111296,-1.7,0
368,286219.025694202,5446492.25107515,51,78,0,2,5,4.05,3,2,3,3,3.10723,0.107233,-1.7,0
369,287219.025694202,5446492.25107515,51,79,0,1,5,4.05,3,2,3,2.6727,2.76823,0.0955334,-1.7,0
370,289219.025694202,5446492.25107515,51,81,0,3,3,5,2,2,3,2.85364,2.85364,0,-1.7,0
371,290219.025694202,5446492.25107515,51,82,0,3,3,5,2,2,3,2.85364,2.85364,0,-1.7,0
372,291219.025694202,5446492.25107515,51,83,0,4,3,5,3,2,3,3.2031,3.2031,0,-1.7,0
373,292219.025694202,5446492.25107515,51,84,0,3,3,5,2,2,3,2.85364,2.85364,0,-1.7,0
374,296219.025694202,5446492.25107515,51,88,0,3,3,5,2,2,3,2.85364,2.85364,0,-1.7,0
375,301219.025694202,5446492.25107515,51,93,0,2,4,5,1,2,3,2.49288,2.49288,0,-1.7,0
376,302219.025694202,5446492.25107515,51,94,0,2,4,5,1,2,3,2.49288,2.49288,0,-1.7,0
377,305219.025694202,5446492.25107515,51,97,0,3,3,5,1,2,3,2.5423,2.5423,0,-1.7,0
378,368219.025694202,5446492.25107515,51,160,0,2,1,5,1,5,3,2.30506,2.30506,0,-1.7,0
379,285219.025694202,5445492.25107515,52,77,1,3,5,4.05,5,1,3,3.11367,3.22497,0.111296,-1.7,0
380,287219.025694202,5445492.25107515,52,79,1,3,5,4.05,4,2,3,3.36739,3.48775,0.120364,-1.7,0
381,288219.025694202,5445492.25107515,52,80,1,3,4,3.3,4,2,3,3.13558,3.36042,0.224843,-1.7,0
382,289219.025694202,5445492.25107515,52,81,0,3,4,5,1,2,3,2.66717,2.66717,0,-1.7,0
383,292219.025694202,5445492.25107515,52,84,0,4,3,4.05,3,2,3,3.09256,3.2031,0.110541,-1.7,0
384,293219.025694202,5445492.25107515,52,85,0,4,3,4.05,2,2,3,2.89048,2.9938,0.103318,-1.7,0
385,294219.025694202,5445492.25107515,52,86,0,3,4,4.05,2,2,3,2.89048,2.9938,0.103318,-1.7,0
386,295219.025694202,5445492.25107515,52,87,0,3,3,4.05,3,2,3,2.94778,3.05315,0.105366,-1.7,0
387,297219.025694202,5445492.25107515,52,89,0,2,4,5,2,2,3,2.79817,2.79817,0,-1.7,0
388,298219.025694202,5445492.25107515,52,90,0,2,4,5,2,2,3,2.79817,2.79817,0,-1.7,0
389,299219.025694202,5445492.25107515,52,91,0,3,4,5,2,2,3,2.9938,2.9938,0,-1.7,0
390,300219.025694202,5445492.25107515,52,92,0,1,4,5,2,2,3,2.49288,2.49288,0,-1.7,0
391,368219.025694202,5445492.25107515,52,160,0,1,1,5,1,5,3,2.05357,2.05357,0,-1.7,0
392,285219.025694202,5444492.25107515,53,77,1,1,5,4.05,5,1,3,2.5927,2.68538,0.092674,-1.7,0
393,287219.025694202,5444492.25107515,53,79,1,2,5,4.05,4,1,3,2.80397,2.90419,0.100225,-1.7,0
394,288219.025694202,5444492.25107515,53,80,1,4,5,3.3,4,2,3,3.41423,3.65905,0.244824,-1.7,0
395,291219.025694202,5444492.25107515,53,83,0,4,4,5,1,2,3,2.79817,2.79817,0,-1.7,0
396,292219.025694202,5444492.25107515,53,84,0,4,4,5,1,2,3,2.79817,2.79817,0,-1.7,0
397,296219.025694202,5444492.25107515,53,88,0,3,4,5,2,2,3,2.9938,2.9938,0,-1.7,0
398,299219.025694202,5444492.25107515,53,91,0,2,4,5,1,2,3,2.49288,2.49288,0,-1.7,0
399,300219.025694202,5444492.25107515,53,92,0,3,4,5,2,2,3,2.9938,2.9938,0,-1.7,0
400,301219.025694202,5444492.25107515,53,93,0,3,4,5,1,2,3,2.66717,2.66717,0,-1.7,0
401,368219.025694202,5444492.25107515,53,160,0,2,1,5,1,5,3,2.30506,2.30506,0,-1.7,0
402,286219.025694202,5443492.25107515,54,78,1,2,5,4.05,5,1,3,2.91021,3.01423,0.104023,-1.7,0
403,289219.025694202,5443492.25107515,54,81,1,3,5,3.3,4,2,3,3.25439,3.48775,0.233362,-1.7,0
404,291219.025694202,5443492.25107515,54,83,0,4,4,5,1,2,3,2.79817,2.79817,0,-1.7,0
405,293219.025694202,5443492.25107515,54,85,0,4,4,5,1,2,3,2.79817,2.79817,0,-1.7,0
406,297219.025694202,5443492.25107515,54,89,0,3,4,5,2,2,3,2.9938,2.9938,0,-1.7,0
407,298219.025694202,5443492.25107515,54,90,0,3,4,5,2,2,3,2.9938,2.9938,0,-1.7,0
408,367219.025694202,5443492.25107515,54,159,0,2,1,5,1,5,3,2.30506,2.30506,0,-1.7,0
409,288219.025694202,5442492.25107515,55,80,1,3,5,5,5,1,3,3.22497,3.22497,0,-1.7,0
410,298219.025694202,5442492.25107515,55,90,0,3,4,5,1,2,3,2.66717,2.66717,0,-1.7,0
411,299219.025694202,5442492.25107515,55,91,0,3,4,5,2,2,3,2.9938,2.9938,0,-1.7,0
412,300219.025694202,5442492.25107515,55,92,0,4,4,5,1,2,3,2.79817,2.79817,0,-1.7,0
413,367219.025694202,5442492.25107515,55,159,0,3,1,5,2,5,3,2.76823,2.76823,0,-1.7,0
414,289219.025694202,5441492.25107515,56,81,1,2,5,5,5,1,3,3.01423,3.01423,0,-1.7,0
415,299219.025694202,5441492.25107515,56,91,0,4,4,4.05,1,2,3,2.7016,2.79817,0.0965664,-1.7,0
416,300219.025694202,5441492.25107515,56,92,0,4,4,4.05,1,2,3,2.7016,2.79817,0.0965664,-1.7,0
417,367219.025694202,5441492.25107515,56,159,0,4,1,5,1,5,3,2.58734,2.58734,0,-1.7,0
418,290219.025694202,5440492.25107515,57,82,1,3,5,5,5,1,3,3.22497,3.22497,0,-1.7,0
419,291219.025694202,5440492.25107515,57,83,1,4,4,2.55,5,1,3,2.91379,3.25984,0.346052,-1.7,0
420,366219.025694202,5440492.25107515,57,158,0,3,1,5,2,5,3,2.76823,2.76823,0,-1.7,0
421,291219.025694202,5439492.25107515,58,83,1,4,5,5,5,1,3,3.38336,3.38336,0,-1.7,0
422,297219.025694202,5439492.25107515,58,89,1,5,4,2.55,4,2,3,3.27062,3.65905,0.388431,-1.7,1
423,341219.025694202,5439492.25107515,58,133,0,3,1,5,1,5,3,2.46621,2.46621,0,-1.7,0
424,366219.025694202,5439492.25107515,58,158,0,3,1,5,2,5,3,2.76823,2.76823,0,-1.7,0
425,292219.025694202,5438492.25107515,59,84,1,3,5,5,5,1,3,3.22497,3.22497,0,-1.7,0
426,293219.025694202,5438492.25107515,59,85,1,5,5,5,5,1,3,3.51156,3.51156,0,-1.7,1
427,294219.025694202,5438492.25107515,59,86,1,3,5,5,5,2,3,3.6199,3.6199,0,-1.7,0
428,296219.025694202,5438492.25107515,59,88,1,5,5,2.55,4,2,3,3.39455,3.7977,0.403148,-1.7,1
429,298219.025694202,5438492.25107515,59,90,1,5,4,5,5,2,3,3.7977,3.7977,0,-1.7,1
430,299219.025694202,5438492.25107515,59,91,1,5,4,2.55,5,2,3,3.39455,3.7977,0.403148,-1.7,1
431,342219.025694202,5438492.25107515,59,134,0,3,1,5,1,5,3,2.46621,2.46621,0,-1.7,0
432,365219.025694202,5438492.25107515,59,157,0,1,1,5,2,5,3,2.30506,2.30506,0,-1.7,0
433,366219.025694202,5438492.25107515,59,158,0,1,1,5,1,5,3,2.05357,2.05357,0,-1.7,0
434,295219.025694202,5437492.25107515,60,87,1,5,5,5,5,2,3,3.94159,3.94159,0,-1.7,1
435,300219.025694202,5437492.25107515,60,92,1,5,4,2.55,5,2,3,3.39455,3.7977,0.403148,-1.7,1
436,365219.025694202,5437492.25107515,60,157,0,1,1,5,2,5,3,2.30506,2.30506,0,-1.7,0
437,301219.025694202,5436492.25107515,61,93,1,5,4,2.55,5,3,3,3.63187,4.06321,0.431334,-1.7,1
438,362219.025694202,5436492.25107515,61,154,0,2,1,5,1,5,3,2.30506,2.30506,0,-1.7,0
439,363219.025694202,5436492.25107515,61,155,0,1,1,5,1,5,3,2.05357,2.05357,0,-1.7,0
440,364219.025694202,5436492.25107515,61,156,0,1,1,5,2,5,3,2.30506,2.30506,0,-1.7,0
441,365219.025694202,5436492.25107515,61,157,0,1,1,5,2,5,3,2.30506,2.30506,0,-1.7,0
442,302219.025694202,5435492.25107515,62,94,1,5,4,2.55,5,3,3,3.63187,4.06321,0.431334,-1.7,1
443,327219.025694202,5435492.25107515,62,119,0,3,1,3.89861,1,5,3,2.36603,2.46621,0.100181,-1.7,0
444,342219.025694202,5435492.25107515,62,134,0,3,1,5,1,5,3,2.46621,2.46621,0,-1.7,0
445,343219.025694202,5435492.25107515,62,135,0,3,1,5,1,5,3,2.46621,2.46621,0,-1.7,0
446,364219.025694202,5435492.25107515,62,156,0,3,1,5,2,5,3,2.76823,2.76823,0,-1.7,0
447,365219.025694202,5435492.25107515,62,157,0,2,1,5,1,5,3,2.30506,2.30506,0,-1.7,0
448,303219.025694202,5434492.25107515,63,95,1,5,4,2.55,5,3,3,3.63187,4.06321,0.431334,-1.7,1
449,328219.025694202,5434492.25107515,63,120,0,4,2,3.89861,3,5,3,3.34607,3.48775,0.141677,-1.7,0
450,338219.025694202,5434492.25107515,63,130,0,3,1,5,1,5,3,2.46621,2.46621,0,-1.7,0
451,342219.025694202,5434492.25107515,63,134,0,2,1,5,1,5,3,2.30506,2.30506,0,-1.7,0
452,364219.025694202,5434492.25107515,63,156,0,1,1,5,1,5,3,2.05357,2.05357,0,-1.7,0
453,365219.025694202,5434492.25107515,63,157,0,1,1,5,1,5,3,2.05357,2.05357,0,-1.7,0
454,303219.025694202,5433492.25107515,64,95,1,5,4,2.55,5,3,3,3.63187,4.06321,0.431334,-1.7,1
455,327219.025694202,5433492.25107515,64,119,0,4,2,3.89861,3,5,3,3.34607,3.48775,0.141677,-1.7,0
456,329219.025694202,5433492.25107515,64,121,0,3,2,4.05,3,5,3,3.20974,3.32447,0.114729,-1.7,0
457,330219.025694202,5433492.25107515,64,122,0,3,2,4.05,2,5,3,3,3.10723,0.107233,-1.7,0
458,334219.025694202,5433492.25107515,64,126,0,3,1,5,1,5,3,2.46621,2.46621,0,-1.7,0
459,342219.025694202,5433492.25107515,64,134,0,3,1,5,1,5,3,2.46621,2.46621,0,-1.7,0
460,364219.025694202,5433492.25107515,64,156,0,2,1,5,1,5,3,2.30506,2.30506,0,-1.7,0
461,303219.025694202,5432492.25107515,65,95,1,3,4,5,5,2,3,3.48775,3.48775,0,-1.7,0
462,327219.025694202,5432492.25107515,65,119,0,4,2,4.05,3,5,3,3.36739,3.48775,0.120364,-1.7,0
463,330219.025694202,5432492.25107515,65,122,0,3,2,5,1,5,3,2.76823,2.76823,0,-1.7,0
464,342219.025694202,5432492.25107515,65,134,0,3,1,5,1,5,3,2.46621,2.46621,0,-1.7,0
465,351219.025694202,5432492.25107515,65,143,0,1,1,5,1,5,3,2.05357,2.05357,0,-1.7,0
466,364219.025694202,5432492.25107515,65,156,0,1,1,5,1,5,3,2.05357,2.05357,0,-1.7,0
467,303219.025694202,5431492.25107515,66,95,1,3,4,5,5,2,3,3.48775,3.48775,0,-1.7,0
468,305219.025694202,5431492.25107515,66,97,1,4,4,2.55,4,3,3,3.37153,3.77195,0.400415,-1.7,0
469,306219.025694202,5431492.25107515,66,98,1,4,4,2.55,5,3,3,3.49928,3.91487,0.415587,-1.7,0
470,327219.025694202,5431492.25107515,66,119,0,4,2,4.05,3,5,3,3.36739,3.48775,0.120364,-1.7,0
471,328219.025694202,5431492.25107515,66,120,0,3,3,4.05,2,5,3,3.20974,3.32447,0.114729,-1.7,0
472,329219.025694202,5431492.25107515,66,121,0,3,3,5,3,5,3,3.55689,3.55689,0,-1.7,0
473,340219.025694202,5431492.25107515,66,132,0,4,1,5,1,5,3,2.58734,2.58734,0,-1.7,0
474,350219.025694202,5431492.25107515,66,142,0,2,1,5,1,5,3,2.30506,2.30506,0,-1.7,0
475,351219.025694202,5431492.25107515,66,143,0,2,1,5,1,5,3,2.30506,2.30506,0,-1.7,0
476,363219.025694202,5431492.25107515,66,155,0,1,1,5,1,5,3,2.05357,2.05357,0,-1.7,0
477,304219.025694202,5430492.25107515,67,96,1,3,4,5,5,2,3,3.48775,3.48775,0,-1.7,0
478,307219.025694202,5430492.25107515,67,99,1,4,4,2.55,5,3,3,3.49928,3.91487,0.415587,-1.7,0
479,326219.025694202,5430492.25107515,67,118,0,5,2,4.05,4,5,3,3.66664,3.7977,0.131061,-1.7,1
480,327219.025694202,5430492.25107515,67,119,0,5,3,4.05,1,5,3,3.11367,3.22497,0.111296,-1.7,1
481,329219.025694202,5430492.25107515,67,121,0,5,3,4.05,3,5,3,3.73932,3.87298,0.133659,-1.7,1
482,330219.025694202,5430492.25107515,67,122,0,4,3,5,3,5,3,3.73159,3.73159,0,-1.7,0
483,340219.025694202,5430492.25107515,67,132,0,3,1,5,1,5,3,2.46621,2.46621,0,-1.7,0
484,342219.025694202,5430492.25107515,67,134,1,4,1,5,4,5,3,3.25984,3.25984,0,-1.7,0
485,352219.025694202,5430492.25107515,67,144,0,3,1,5,1,5,3,2.46621,2.46621,0,-1.7,0
486,362219.025694202,5430492.25107515,67,154,0,1,1,5,1,5,3,2.05357,2.05357,0,-1.7,0
487,363219.025694202,5430492.25107515,67,155,0,2,1,5,1,5,3,2.30506,2.30506,0,-1.7,0
488,308219.025694202,5429492.25107515,68,100,1,5,4,2.55,5,3,3,3.63187,4.06321,0.431334,-1.7,1
489,325219.025694202,5429492.25107515,68,117,0,4,3,4.05,4,5,3,3.77976,3.91487,0.135104,-1.7,0
490,326219.025694202,5429492.25107515,68,118,1,4,3,4.05,4,5,3,3.77976,3.91487,0.135104,-1.7,0
491,329219.025694202,5429492.25107515,68,121,0,3,4,5,3,5,3,3.73159,3.73159,0,-1.7,0
492,331219.025694202,5429492.25107515,68,123,0,4,3,5,2,5,3,3.48775,3.48775,0,-1.7,0
493,339219.025694202,5429492.25107515,68,131,1,2,1,5,4,5,3,2.90419,2.90419,0,-1.7,0
494,342219.025694202,5429492.25107515,68,134,0,2,1,5,4,5,3,2.90419,2.90419,0,-1.7,0
495,343219.025694202,5429492.25107515,68,135,0,2,1,5,4,5,3,2.90419,2.90419,0,-1.7,0
496,353219.025694202,5429492.25107515,68,145,0,3,1,5,2,5,3,2.76823,2.76823,0,-1.7,0
497,361219.025694202,5429492.25107515,68,153,0,1,1,5,1,5,3,2.05357,2.05357,0,-1.7,0
498,362219.025694202,5429492.25107515,68,154,0,1,1,5,1,5,3,2.05357,2.05357,0,-1.7,0
499,307219.025694202,5428492.25107515,69,99,1,4,4,5,5,3,3,3.91487,3.91487,0,-1.7,0
500,325219.025694202,5428492.25107515,69,117,0,4,3,4.05,4,5,3,3.77976,3.91487,0.135104,-1.7,0
501,326219.025694202,5428492.25107515,69,118,0,4,3,4.05,3,5,3,3.60281,3.73159,0.128779,-1.7,0
502,327219.025694202,5428492.25107515,69,119,1,4,3,4.05,4,5,3,3.77976,3.91487,0.135104,-1.7,0
503,328219.025694202,5428492.25107515,69,120,0,4,4,5,4,5,3,4.10715,4.10715,0,-1.7,0
504,330219.025694202,5428492.25107515,69,122,0,5,3,5,2,5,3,3.6199,3.6199,0,-1.7,1
505,331219.025694202,5428492.25107515,69,123,0,4,3,5,2,5,3,3.48775,3.48775,0,-1.7,0
506,339219.025694202,5428492.25107515,69,131,0,3,1,5,4,5,3,3.10723,3.10723,0,-1.7,0
507,340219.025694202,5428492.25107515,69,132,0,3,1,5,4,5,3,3.10723,3.10723,0,-1.7,0
508,341219.025694202,5428492.25107515,69,133,0,2,1,5,4,5,3,2.90419,2.90419,0,-1.7,0
509,343219.025694202,5428492.25107515,69,135,0,2,1,5,4,5,3,2.90419,2.90419,0,-1.7,0
510,353219.025694202,5428492.25107515,69,145,0,2,2,5,1,5,3,2.58734,2.58734,0,-1.7,0
511,354219.025694202,5428492.25107515,69,146,0,4,1,5,2,5,3,2.90419,2.90419,0,-1.7,0
512,360219.025694202,5428492.25107515,69,152,0,1,1,5,1,5,3,2.05357,2.05357,0,-1.7,0
513,308219.025694202,5427492.25107515,70,100,1,2,4,5,5,3,3,3.48775,3.48775,0,-1.7,0
514,310219.025694202,5427492.25107515,70,102,0,4,4,5,1,3,3,2.9938,2.9938,0,-1.7,0
515,311219.025694202,5427492.25107515,70,103,0,4,4,5,1,3,3,2.9938,2.9938,0,-1.7,0
516,324219.025694202,5427492.25107515,70,116,1,3,3,4.05,4,4,3,3.47128,3.59536,0.124078,-1.7,0
517,325219.025694202,5427492.25107515,70,117,0,3,3,4.05,4,5,3,3.60281,3.73159,0.128779,-1.7,0
518,327219.025694202,5427492.25107515,70,119,0,3,4,4.05,4,5,3,3.77976,3.91487,0.135104,-1.7,0
519,329219.025694202,5427492.25107515,70,121,0,3,4,4.05,4,5,3,3.77976,3.91487,0.135104,-1.7,0
520,339219.025694202,5427492.25107515,70,131,0,3,1,5,4,5,3,3.10723,3.10723,0,-1.7,0
521,344219.025694202,5427492.25107515,70,136,0,2,1,5,4,5,3,2.90419,2.90419,0,-1.7,0
522,350219.025694202,5427492.25107515,70,142,0,2,3,5,3,5,3,3.32447,3.32447,0,-1.7,0
523,351219.025694202,5427492.25107515,70,143,0,3,3,5,1,5,3,2.96177,2.96177,0,-1.7,0
524,354219.025694202,5427492.25107515,70,146,0,3,2,5,2,5,3,3.10723,3.10723,0,-1.7,0
525,355219.025694202,5427492.25107515,70,147,0,1,1,5,2,5,3,2.30506,2.30506,0,-1.7,0
526,356219.025694202,5427492.25107515,70,148,0,1,1,5,1,5,3,2.05357,2.05357,0,-1.7,0
527,357219.025694202,5427492.25107515,70,149,0,1,1,5,1,5,3,2.05357,2.05357,0,-1.7,0
528,358219.025694202,5427492.25107515,70,150,0,1,1,5,1,5,3,2.05357,2.05357,0,-1.7,0
529,359219.025694202,5427492.25107515,70,151,0,1,1,5,1,5,3,2.05357,2.05357,0,-1.7,0
530,360219.025694202,5427492.25107515,70,152,0,1,1,5,1,5,3,2.05357,2.05357,0,-1.7,0
531,309219.025694202,5426492.25107515,71,101,1,3,4,5,5,3,3,3.73159,3.73159,0,-1.7,0
532,322219.025694202,5426492.25107515,71,114,1,4,2,3.89861,4,4,3,3.38226,3.52547,0.14321,-1.7,0
533,323219.025694202,5426492.25107515,71,115,0,4,3,4.05,3,4,3,3.47128,3.59536,0.124078,-1.7,0
534,326219.025694202,5426492.25107515,71,118,0,3,4,5,4,5,3,3.91487,3.91487,0,-1.7,0
535,330219.025694202,5426492.25107515,71,122,0,4,4,3.89861,3,5,3,3.75584,3.91487,0.159028,-1.7,0
536,331219.025694202,5426492.25107515,71,123,1,4,3,4.05,4,5,3,3.77976,3.91487,0.135104,-1.7,0
537,332219.025694202,5426492.25107515,71,124,1,4,2,4.05,4,5,3,3.53278,3.65905,0.126276,-1.7,0
538,339219.025694202,5426492.25107515,71,131,0,4,1,5,4,5,3,3.25984,3.25984,0,-1.7,0
539,345219.025694202,5426492.25107515,71,137,0,1,2,5,3,5,3,2.76823,2.76823,0,-1.7,0
540,346219.025694202,5426492.25107515,71,138,1,1,2,5,4,5,3,2.90419,2.90419,0,-1.7,0
541,350219.025694202,5426492.25107515,71,142,0,3,3,5,3,5,3,3.55689,3.55689,0,-1.7,0
542,353219.025694202,5426492.25107515,71,145,0,2,3,5,2,5,3,3.10723,3.10723,0,-1.7,0
543,354219.025694202,5426492.25107515,71,146,0,4,2,5,1,5,3,2.90419,2.90419,0,-1.7,0
544,309219.025694202,5425492.25107515,72,101,1,2,4,5,5,3,3,3.48775,3.48775,0,-1.7,0
545,312219.025694202,5425492.25107515,72,104,0,4,4,5,1,3,3,2.9938,2.9938,0,-1.7,0
546,321219.025694202,5425492.25107515,72,113,1,5,2,3.89861,4,3,3,3.34607,3.48775,0.141677,-1.7,1
547,322219.025694202,5425492.25107515,72,114,1,3,3,3.89861,4,4,3,3.44931,3.59536,0.146049,-1.7,0
548,324219.025694202,5425492.25107515,72,116,1,3,4,5,4,4,3,3.77195,3.77195,0,-1.7,0
549,333219.025694202,5425492.25107515,72,125,0,3,2,5,3,5,3,3.32447,3.32447,0,-1.7,0
550,334219.025694202,5425492.25107515,72,126,0,3,2,5,2,5,3,3.10723,3.10723,0,-1.7,0
551,337219.025694202,5425492.25107515,72,129,1,5,1,5,2,5,3,3.01423,3.01423,0,-1.7,1
552,339219.025694202,5425492.25107515,72,131,1,4,1,5,4,5,3,3.25984,3.25984,0,-1.7,0
553,346219.025694202,5425492.25107515,72,138,0,1,2,5,3,5,3,2.76823,2.76823,0,-1.7,0
554,348219.025694202,5425492.25107515,72,140,0,1,3,5,2,5,3,2.76823,2.76823,0,-1.7,0
555,349219.025694202,5425492.25107515,72,141,0,1,3,5,1,5,3,2.46621,2.46621,0,-1.7,0
556,350219.025694202,5425492.25107515,72,142,0,2,3,5,3,5,3,3.32447,3.32447,0,-1.7,0
557,352219.025694202,5425492.25107515,72,144,0,2,3,5,2,5,3,3.10723,3.10723,0,-1.7,0
558,353219.025694202,5425492.25107515,72,145,0,2,3,5,2,5,3,3.10723,3.10723,0,-1.7,0
559,310219.025694202,5424492.25107515,73,102,1,3,4,5,5,3,3,3.73159,3.73159,0,-1.7,0
560,321219.025694202,5424492.25107515,73,113,1,4,2,3.89861,4,3,3,3.22392,3.36042,0.136505,-1.7,0
561,323219.025694202,5424492.25107515,73,115,1,3,4,5,4,4,3,3.77195,3.77195,0,-1.7,0
562,330219.025694202,5424492.25107515,73,122,0,2,4,4.05,3,5,3,3.36739,3.48775,0.120364,-1.7,0
563,333219.025694202,5424492.25107515,73,125,0,3,3,5,3,5,3,3.55689,3.55689,0,-1.7,0
564,334219.025694202,5424492.25107515,73,126,1,3,3,5,4,5,3,3.73159,3.73159,0,-1.7,0
565,336219.025694202,5424492.25107515,73,128,0,4,2,5,4,5,3,3.65905,3.65905,0,-1.7,0
566,338219.025694202,5424492.25107515,73,130,0,3,2,5,4,5,3,3.48775,3.48775,0,-1.7,0
567,345219.025694202,5424492.25107515,73,137,0,2,3,5,3,5,3,3.32447,3.32447,0,-1.7,0
568,347219.025694202,5424492.25107515,73,139,0,1,3,5,1,5,3,2.46621,2.46621,0,-1.7,0
569,350219.025694202,5424492.25107515,73,142,0,2,4,5,3,5,3,3.48775,3.48775,0,-1.7,0
570,351219.025694202,5424492.25107515,73,143,0,1,4,5,3,5,3,3.10723,3.10723,0,-1.7,0
571,352219.025694202,5424492.25107515,73,144,0,2,3,5,1,5,3,2.76823,2.76823,0,-1.7,0
572,353219.025694202,5424492.25107515,73,145,0,1,3,5,1,5,3,2.46621,2.46621,0,-1.7,0
573,311219.025694202,5423492.25107515,74,103,1,3,4,4.05,5,3,3,3.60281,3.73159,0.128779,-1.7,0
574,312219.025694202,5423492.25107515,74,104,1,2,4,4.05,5,3,3,3.36739,3.48775,0.120364,-1.7,0
575,314219.025694202,5423492.25107515,74,106,1,2,3,4.05,4,3,3,3.09256,3.2031,0.110541,-1.7,0
576,319219.025694202,5423492.25107515,74,111,1,3,3,3.89861,4,3,3,3.28783,3.42704,0.139211,-1.7,0
577,320219.025694202,5423492.25107515,74,112,1,2,3,4.05,4,3,3,3.09256,3.2031,0.110541,-1.7,0
578,329219.025694202,5423492.25107515,74,121,1,2,5,4.05,4,5,3,3.66664,3.7977,0.131061,-1.7,0
579,331219.025694202,5423492.25107515,74,123,0,2,4,4.05,4,5,3,3.53278,3.65905,0.126276,-1.7,0
580,332219.025694202,5423492.25107515,74,124,0,2,4,5,3,5,3,3.48775,3.48775,0,-1.7,0
581,335219.025694202,5423492.25107515,74,127,0,3,3,5,3,5,3,3.55689,3.55689,0,-1.7,0
582,337219.025694202,5423492.25107515,74,129,0,4,3,5,4,5,3,3.91487,3.91487,0,-1.7,0
583,346219.025694202,5423492.25107515,74,138,1,2,3,5,4,5,3,3.48775,3.48775,0,-1.7,0
584,350219.025694202,5423492.25107515,74,142,0,3,3,5,3,5,3,3.55689,3.55689,0,-1.7,0
585,351219.025694202,5423492.25107515,74,143,0,2,3,5,1,5,3,2.76823,2.76823,0,-1.7,0
586,353219.025694202,5423492.25107515,74,145,0,2,3,5,1,5,3,2.76823,2.76823,0,-1.7,0
587,312219.025694202,5422492.25107515,75,104,1,1,4,4.05,5,3,3,3,3.10723,0.107233,-1.7,0
588,314219.025694202,5422492.25107515,75,106,1,2,4,4.05,4,3,3,3.24445,3.36042,0.11597,-1.7,0
589,315219.025694202,5422492.25107515,75,107,1,3,4,5,4,3,3,3.59536,3.59536,0,-1.7,0
590,316219.025694202,5422492.25107515,75,108,1,3,4,5,4,3,3,3.59536,3.59536,0,-1.7,0
591,318219.025694202,5422492.25107515,75,110,1,2,3,3.89861,4,3,3,3.07299,3.2031,0.130115,-1.7,0
592,328219.025694202,5422492.25107515,75,120,1,2,5,4.05,4,5,3,3.66664,3.7977,0.131061,-1.7,0
593,329219.025694202,5422492.25107515,75,121,0,2,5,4.05,3,5,3,3.49498,3.6199,0.124925,-1.7,0
594,330219.025694202,5422492.25107515,75,122,1,2,5,4.05,4,5,3,3.66664,3.7977,0.131061,-1.7,0
595,332219.025694202,5422492.25107515,75,124,0,2,4,4.05,3,5,3,3.36739,3.48775,0.120364,-1.7,0
596,333219.025694202,5422492.25107515,75,125,0,2,4,4.05,3,5,3,3.36739,3.48775,0.120364,-1.7,0
597,334219.025694202,5422492.25107515,75,126,1,3,4,5,4,5,3,3.91487,3.91487,0,-1.7,0
598,336219.025694202,5422492.25107515,75,128,0,3,4,4.05,4,5,3,3.77976,3.91487,0.135104,-1.7,0
599,345219.025694202,5422492.25107515,75,137,0,2,4,5,3,5,3,3.48775,3.48775,0,-1.7,0
600,349219.025694202,5422492.25107515,75,141,0,3,4,5,3,5,3,3.73159,3.73159,0,-1.7,0
601,350219.025694202,5422492.25107515,75,142,0,2,4,5,3,5,3,3.48775,3.48775,0,-1.7,0
602,313219.025694202,5421492.25107515,76,105,1,3,4,4.05,5,3,3,3.60281,3.73159,0.128779,-1.7,0
603,315219.025694202,5421492.25107515,76,107,1,3,4,5,5,3,3,3.73159,3.73159,0,-1.7,0
604,317219.025694202,5421492.25107515,76,109,1,2,4,4.05,4,3,3,3.24445,3.36042,0.11597,-1.7,0
605,327219.025694202,5421492.25107515,76,119,1,2,5,4.05,4,5,3,3.66664,3.7977,0.131061,-1.7,0
606,330219.025694202,5421492.25107515,76,122,0,3,5,4.05,4,5,3,3.92298,4.06321,0.140224,-1.7,0
607,331219.025694202,5421492.25107515,76,123,0,2,5,4.05,4,5,3,3.66664,3.7977,0.131061,-1.7,0
608,334219.025694202,5421492.25107515,76,126,1,2,4,4.05,4,5,3,3.53278,3.65905,0.126276,-1.7,0
609,335219.025694202,5421492.25107515,76,127,1,2,4,4.05,4,5,3,3.53278,3.65905,0.126276,-1.7,0
610,344219.025694202,5421492.25107515,76,136,0,1,3,5,3,5,3,2.96177,2.96177,0,-1.7,0
611,349219.025694202,5421492.25107515,76,141,0,2,4,5,3,5,3,3.48775,3.48775,0,-1.7,0
612,350219.025694202,5421492.25107515,76,142,0,4,3,5,3,5,3,3.73159,3.73159,0,-1.7,0
613,314219.025694202,5420492.25107515,77,106,1,3,4,5,5,3,3,3.73159,3.73159,0,-1.7,0
614,316219.025694202,5420492.25107515,77,108,1,3,4,5,4,3,3,3.59536,3.59536,0,-1.7,0
615,328219.025694202,5420492.25107515,77,120,1,2,5,4.05,4,5,3,3.66664,3.7977,0.131061,-1.7,0
616,330219.025694202,5420492.25107515,77,122,1,2,5,4.05,4,5,3,3.66664,3.7977,0.131061,-1.7,0
617,332219.025694202,5420492.25107515,77,124,1,2,5,4.05,4,5,3,3.66664,3.7977,0.131061,-1.7,0
618,333219.025694202,5420492.25107515,77,125,1,2,5,4.05,4,5,3,3.66664,3.7977,0.131061,-1.7,0
619,344219.025694202,5420492.25107515,77,136,1,1,4,5,4,5,3,3.25984,3.25984,0,-1.7,0
620,349219.025694202,5420492.25107515,77,141,0,2,4,5,3,5,3,3.48775,3.48775,0,-1.7,0
621,351219.025694202,5420492.25107515,77,143,0,3,3,5,2,5,3,3.32447,3.32447,0,-1.7,0
622,352219.025694202,5420492.25107515,77,144,0,4,3,5,1,5,3,3.10723,3.10723,0,-1.7,0
623,315219.025694202,5419492.25107515,78,107,1,3,5,5,5,3,3,3.87298,3.87298,0,-1.7,0
624,325219.025694202,5419492.25107515,78,117,1,2,5,4.05,4,4,3,3.53278,3.65905,0.126276,-1.7,0
625,327219.025694202,5419492.25107515,78,119,1,2,5,4.05,4,5,3,3.66664,3.7977,0.131061,-1.7,0
626,329219.025694202,5419492.25107515,78,121,1,2,5,4.05,4,5,3,3.66664,3.7977,0.131061,-1.7,0
627,343219.025694202,5419492.25107515,78,135,1,2,4,5,4,5,3,3.65905,3.65905,0,-1.7,0
628,347219.025694202,5419492.25107515,78,139,0,2,3,5,3,5,3,3.32447,3.32447,0,-1.7,0
629,348219.025694202,5419492.25107515,78,140,0,3,3,5,3,5,3,3.55689,3.55689,0,-1.7,0
630,351219.025694202,5419492.25107515,78,143,0,3,3,5,2,5,3,3.32447,3.32447,0,-1.7,0
631,324219.025694202,5418492.25107515,79,116,1,3,5,4.05,5,4,3,3.92298,4.06321,0.140224,-1.7,0
632,326219.025694202,5418492.25107515,79,118,1,2,5,4.05,4,4,3,3.53278,3.65905,0.126276,-1.7,0
633,328219.025694202,5418492.25107515,79,120,1,1,5,4.05,4,5,3,3.2666,3.38336,0.116762,-1.7,0
634,342219.025694202,5418492.25107515,79,134,1,2,4,5,4,5,3,3.65905,3.65905,0,-1.7,0
635,344219.025694202,5418492.25107515,79,136,0,2,4,4.05,3,5,3,3.36739,3.48775,0.120364,-1.7,0
636,346219.025694202,5418492.25107515,79,138,0,2,3,5,3,5,3,3.32447,3.32447,0,-1.7,0
637,351219.025694202,5418492.25107515,79,143,0,3,2,5,1,5,3,2.76823,2.76823,0,-1.7,0
638,352219.025694202,5418492.25107515,79,144,0,5,2,5,1,5,3,3.01423,3.01423,0,-1.7,1
639,325219.025694202,5417492.25107515,80,117,1,2,5,4.05,5,4,3,3.66664,3.7977,0.131061,-1.7,0
640,326219.025694202,5417492.25107515,80,118,1,2,5,4.05,4,4,3,3.53278,3.65905,0.126276,-1.7,0
641,327219.025694202,5417492.25107515,80,119,1,2,5,4.05,4,4,3,3.53278,3.65905,0.126276,-1.7,0
642,329219.025694202,5417492.25107515,80,121,1,3,5,4.05,4,5,3,3.92298,4.06321,0.140224,-1.7,0
643,341219.025694202,5417492.25107515,80,133,1,2,4,5,4,5,3,3.65905,3.65905,0,-1.7,0
644,342219.025694202,5417492.25107515,80,134,1,2,4,5,4,5,3,3.65905,3.65905,0,-1.7,0
645,344219.025694202,5417492.25107515,80,136,0,2,4,4.05,3,5,3,3.36739,3.48775,0.120364,-1.7,0
646,345219.025694202,5417492.25107515,80,137,0,2,3,4.05,3,5,3,3.20974,3.32447,0.114729,-1.7,0
647,346219.025694202,5417492.25107515,80,138,0,3,3,5,2,5,3,3.32447,3.32447,0,-1.7,0
648,347219.025694202,5417492.25107515,80,139,0,3,3,5,2,5,3,3.32447,3.32447,0,-1.7,0
649,348219.025694202,5417492.25107515,80,140,0,3,3,5,1,5,3,2.96177,2.96177,0,-1.7,0
650,350219.025694202,5417492.25107515,80,142,0,3,2,5,1,5,3,2.76823,2.76823,0,-1.7,0
651,325219.025694202,5416492.25107515,81,117,1,2,5,4.05,5,4,3,3.66664,3.7977,0.131061,-1.7,0
652,328219.025694202,5416492.25107515,81,120,1,2,5,4.05,4,5,3,3.66664,3.7977,0.131061,-1.7,0
653,330219.025694202,5416492.25107515,81,122,1,2,5,4.05,4,5,3,3.66664,3.7977,0.131061,-1.7,0
654,340219.025694202,5416492.25107515,81,132,1,1,5,5,4,5,3,3.38336,3.38336,0,-1.7,0
655,342219.025694202,5416492.25107515,81,134,0,2,4,5,3,5,3,3.48775,3.48775,0,-1.7,0
656,343219.025694202,5416492.25107515,81,135,0,2,4,5,3,5,3,3.48775,3.48775,0,-1.7,0
657,345219.025694202,5416492.25107515,81,137,0,2,3,5,2,5,3,3.10723,3.10723,0,-1.7,0
658,349219.025694202,5416492.25107515,81,141,0,3,2,5,1,5,3,2.76823,2.76823,0,-1.7,0
659,325219.025694202,5415492.25107515,82,117,1,3,5,4.05,5,4,3,3.92298,4.06321,0.140224,-1.7,0
660,327219.025694202,5415492.25107515,82,119,1,3,5,4.05,4,4,3,3.77976,3.91487,0.135104,-1.7,0
661,329219.025694202,5415492.25107515,82,121,1,3,5,4.05,4,5,3,3.92298,4.06321,0.140224,-1.7,0
662,331219.025694202,5415492.25107515,82,123,1,3,5,4.05,4,5,3,3.92298,4.06321,0.140224,-1.7,0
663,339219.025694202,5415492.25107515,82,131,1,1,5,5,4,5,3,3.38336,3.38336,0,-1.7,0
664,341219.025694202,5415492.25107515,82,133,0,2,4,4.05,3,5,3,3.36739,3.48775,0.120364,-1.7,0
665,345219.025694202,5415492.25107515,82,137,0,3,3,5,2,5,3,3.32447,3.32447,0,-1.7,0
666,326219.025694202,5414492.25107515,83,118,1,2,5,4.05,5,4,3,3.66664,3.7977,0.131061,-1.7,0
667,330219.025694202,5414492.25107515,83,122,1,1,5,4.05,4,5,3,3.2666,3.38336,0.116762,-1.7,0
668,338219.025694202,5414492.25107515,83,130,1,1,5,4.05,4,5,3,3.2666,3.38336,0.116762,-1.7,0
669,340219.025694202,5414492.25107515,83,132,0,2,5,4.05,3,5,3,3.49498,3.6199,0.124925,-1.7,0
670,344219.025694202,5414492.25107515,83,136,1,4,4,5,3,5,3,3.91487,3.91487,0,-1.7,0
671,337219.025694202,5413492.25107515,84,129,1,2,5,4.05,4,5,3,3.66664,3.7977,0.131061,-1.7,0
672,339219.025694202,5413492.25107515,84,131,0,2,5,4.05,3,5,3,3.49498,3.6199,0.124925,-1.7,0
673,341219.025694202,5413492.25107515,84,133,0,2,4,4.05,3,5,3,3.36739,3.48775,0.120364,-1.7,0
674,343219.025694202,5413492.25107515,84,135,1,2,4,5,2,5,3,3.25984,3.25984,0,-1.7,0
675,334219.025694202,5412492.25107515,85,126,1,3,5,5,4,5,3,4.06321,4.06321,0,-1.7,0
676,337219.025694202,5412492.25107515,85,129,1,2,5,4.05,4,5,3,3.66664,3.7977,0.131061,-1.7,0
677,339219.025694202,5412492.25107515,85,131,0,2,5,4.05,3,5,3,3.49498,3.6199,0.124925,-1.7,0
678,340219.025694202,5412492.25107515,85,132,0,3,4,4.05,3,5,3,3.60281,3.73159,0.128779,-1.7,0
679,342219.025694202,5412492.25107515,85,134,1,3,4,5,2,5,3,3.48775,3.48775,0,-1.7,0
680,333219.025694202,5411492.25107515,86,125,1,3,5,5,4,4,3,3.91487,3.91487,0,-1.7,0
681,335219.025694202,5411492.25107515,86,127,1,2,5,5,4,4,3,3.65905,3.65905,0,-1.7,0
682,336219.025694202,5411492.25107515,86,128,1,1,5,4.05,4,5,3,3.2666,3.38336,0.116762,-1.7,0
683,338219.025694202,5411492.25107515,86,130,1,2,5,4.05,4,5,3,3.66664,3.7977,0.131061,-1.7,0
684,341219.025694202,5411492.25107515,86,133,0,2,4,5,2,5,3,3.25984,3.25984,0,-1.7,0
685,334219.025694202,5410492.25107515,87,126,1,2,5,5,5,4,3,3.7977,3.7977,0,-1.7,0
686,335219.025694202,5410492.25107515,87,127,1,2,5,5,5,4,3,3.7977,3.7977,0,-1.7,0
687,337219.025694202,5410492.25107515,87,129,1,2,4,4.05,4,4,3,3.4038,3.52547,0.121666,-1.7,0
688,340219.025694202,5410492.25107515,87,132,0,4,4,5,1,5,3,3.25984,3.25984,0,-1.7,0
689,336219.025694202,5409492.25107515,88,128,1,2,5,4.05,5,4,3,3.66664,3.7977,0.131061,-1.7,0
690,339219.025694202,5409492.25107515,88,131,1,3,4,4.05,4,4,3,3.64177,3.77195,0.130172,-1.7,0
691,337219.025694202,5408492.25107515,89,129,1,3,4,4.05,5,4,3,3.77976,3.91487,0.135104,-1.7,0
692,338219.025694202,5408492.25107515,89,130,1,3,4,4.05,5,4,3,3.77976,3.91487,0.135104,-1.7,0
693,336219.025694202,5407492.25107515,90,128,1,2,5,4.05,5,3,3,3.49498,3.6199,0.124925,-1.7,0
694,343219.025694202,5407492.25107515,90,135,0,3,3,3.3,2,4,3,2.98878,3.2031,0.214316,-1.7,0
695,336219.025694202,5406492.25107515,91,128,1,2,4,4.05,5,3,3,3.36739,3.48775,0.120364,-1.7,0
696,339219.025694202,5406492.25107515,91,131,1,1,4,3.21886,4,4,3,2.91855,3.14084,0.222285,-1.7,0
697,342219.025694202,5406492.25107515,91,134,1,3,4,5,4,4,3,3.77195,3.77195,0,-1.7,0
698,343219.025694202,5406492.25107515,91,135,0,4,3,5,2,4,3,3.36042,3.36042,0,-1.7,0
699,337219.025694202,5405492.25107515,92,129,1,1,4,4.05,5,3,3,3,3.10723,0.107233,-1.7,0
700,338219.025694202,5405492.25107515,92,130,1,2,4,4.05,5,3,3,3.36739,3.48775,0.120364,-1.7,0
701,340219.025694202,5405492.25107515,92,132,1,2,4,3.21886,5,4,3,3.40009,3.65905,0.25896,-1.7,0
702,342219.025694202,5405492.25107515,92,134,1,2,4,5,4,4,3,3.52547,3.52547,0,-1.7,0
703,341219.025694202,5404492.25107515,93,133,1,2,4,4.05,5,3,3,3.36739,3.48775,0.120364,-1.7,0
704,342219.025694202,5404492.25107515,93,134,1,3,3,5,5,4,3,3.73159,3.73159,0,-1.7,0
705,342219.025694202,5403492.25107515,94,134,1,2,3,5,5,3,3,3.32447,3.32447,0,-1.7,0
706,342219.025694202,5402492.25107515,95,134,1,3,3,5,5,3,3,3.55689,3.55689,0,-1.7,0
707,343219.025694202,5401492.25107515,96,135,1,2,3,5,5,3,3,3.32447,3.32447,0,-1.7,0
708,343219.025694202,5400492.25107515,97,135,1,2,3,5,5,3,3,3.32447,3.32447,0,-1.7,0
709,344219.025694202,5399492.25107515,98,136,1,2,3,5,5,3,3,3.32447,3.32447,0,-1.7,0
710,345219.025694202,5398492.25107515,99,137,1,2,3,5,5,3,3,3.32447,3.32447,0,-1.7,0
711,346219.025694202,5398492.25107515,99,138,1,3,4,5,5,3,3,3.73159,3.73159,0,-1.7,0
712,347219.025694202,5398492.25107515,99,139,1,3,4,5,5,3,3,3.73159,3.73159,0,-1.7,0
713,348219.025694202,5398492.25107515,99,140,1,3,4,5,5,3,3,3.73159,3.73159,0,-1.7,0
714,349219.025694202,5398492.25107515,99,141,1,3,4,5,5,4,3,3.91487,3.91487,0,-1.7,0
715,350219.025694202,5397492.25107515,100,142,1,4,5,5,5,4,3,4.26277,4.26277,0,-1.7,0
716,351219.025694202,5397492.25107515,100,143,1,4,5,5,5,4,3,4.26277,4.26277,0,-1.7,0
717,352219.025694202,5396492.25107515,101,144,1,3,5,5,5,4,3,4.06321,4.06321,0,-1.7,0
718,353219.025694202,5396492.25107515,101,145,1,2,5,5,5,4,3,3.7977,3.7977,0,-1.7,0
719,354219.025694202,5396492.25107515,101,146,1,2,5,5,5,4,3,3.7977,3.7977,0,-1.7,0
720,355219.025694202,5395492.25107515,102,147,1,3,5,5,5,4,3,4.06321,4.06321,0,-1.7,0
721,356219.025694202,5395492.25107515,102,148,1,3,5,5,5,4,3,4.06321,4.06321,0,-1.7,0
722,357219.025694202,5394492.25107515,103,149,1,4,5,5,5,4,3,4.26277,4.26277,0,-1.7,0
723,358219.025694202,5394492.25107515,103,150,1,3,5,5,5,4,3,4.06321,4.06321,0,-1.7,0
724,359219.025694202,5393492.25107515,104,151,1,3,5,5,5,4,3,4.06321,4.06321,0,-1.7,0
725,360219.025694202,5393492.25107515,104,152,1,3,5,5,5,4,3,4.06321,4.06321,0,-1.7,0
726,361219.025694202,5393492.25107515,104,153,1,2,5,5,5,5,3,3.94159,3.94159,0,-1.7,0
727,362219.025694202,5392492.25107515,105,154,1,3,5,5,5,4,3,4.06321,4.06321,0,-1.7,0
728,363219.025694202,5392492.25107515,105,155,1,4,5,5,5,5,3,4.42429,4.42429,0,-1.7,0
729,364219.025694202,5391492.25107515,106,156,1,4,5,4.05,5,4,3,4.11566,4.26277,0.147111,-1.7,0
730,365219.025694202,5391492.25107515,106,157,1,3,5,3.21886,5,5,3,3.9187,4.21716,0.29846,-1.7,0
731,366219.025694202,5390492.25107515,107,158,1,3,5,3.21886,5,5,3,3.9187,4.21716,0.29846,-1.7,0
732,366219.025694202,5389492.25107515,108,158,1,3,5,4.05,5,4,3,3.92298,4.06321,0.140224,-1.7,0
733,367219.025694202,5388492.25107515,109,159,1,3,5,4.05,5,4,3,3.92298,4.06321,0.140224,-1.7,0
734,368219.025694202,5388492.25107515,109,160,1,2,5,4.05,5,4,3,3.66664,3.7977,0.131061,-1.7,0
735,368219.025694202,5387492.25107515,110,160,1,3,5,4.05,5,4,3,3.92298,4.06321,0.140224,-1.7,0
736,369219.025694202,5386492.25107515,111,161,1,3,5,4.05,5,4,3,3.92298,4.06321,0.140224,-1.7,0
737,370219.025694202,5385492.25107515,112,162,1,4,5,4.05,5,4,3,4.11566,4.26277,0.147111,-1.7,0
738,371219.025694202,5385492.25107515,112,163,1,4,5,4.05,5,4,3,4.11566,4.26277,0.147111,-1.7,0
739,372219.025694202,5384492.25107515,113,164,1,4,5,4.05,5,4,3,4.11566,4.26277,0.147111,-1.7,0
740,373219.025694202,5383492.25107515,114,165,1,3,5,4.05,5,4,3,3.92298,4.06321,0.140224,-1.7,0
741,374219.025694202,5383492.25107515,114,166,1,3,5,4.05,5,5,3,4.07163,4.21716,0.145537,-1.7,0
