{
 "osm": false,
"download": false,
"lulc": false,
"global_data": false,
"cell_size":   5000,
"data_dir": "C:\\InVEST_3_0_1_x86\\Recreation\\input\\initial\\predictors\\",
"workspace_dir": "C:\\InVEST_3_0_1_x86\\Recreation\\output\\",
"comments": "",
"landscan": false,
"ouoc": false,
"sessid": "ohecja8a8ns26m5ufami25qdh4",
"aoi_file_name": "C:\\InVEST_3_0_1_x86\\Recreation\\input\\initial\\BC_AOI.shp",
"grid_type": "1",
"is_release": true,
"version_info": "3.0.1",
"grid": true,
"server": "http://vulpes.sefs.uw.edu/~recreation/",
"user_tables":      0,
"protected": false,
"user_predictors":      1,
"mode": "initial",
"global_predictors":      0,
"pts_poly": "poly" 
}
