[
 {
 "layer": "usdyav",
"leglabs": [ "0", "0.001 - 1.321", "1.322 - 4.366", "4.367 - 11.554", "11.555 - 28.079", "28.08 - 66.357", "66.358 - 155.5" ],
"legcols": [ "#d3d3d3", "#EDF8FB", "#BFD3E6", "#9EBCDA", "#8C96C6", "#8856A7", "#810F7C" ] 
},
{
 "layer": "usdyav_pr",
"leglabs": [ "0", "0.001 - 2.68", "2.681 - 5.36", "5.361 - 8.04", "8.041 - 10.7", "10.701 - 16.074" ],
"legcols": [ "#d3d3d3", "#EDF8FB", "#B3CDE3", "#8C96C6", "#8856A7", "#810F7C" ] 
},
{
 "layer": "parks",
"leglabs": [ "0", "0.001 - 2710000", "2710000.001 - 5410000", "5410000.001 - 8120000", "8120000.001 - 10800000", "10800000.001 - 13500000", "13500000.001 - 16237500" ],
"legcols": [ "#d3d3d3", "#FEEDDE", "#FDD0A2", "#FDAE6B", "#FD8D3C", "#E6550D", "#A63603" ] 
},
{
 "layer": "usdyav_est",
"leglabs": [ "0.382 - 0.476", "0.477 - 0.575", "0.576 - 0.683", "0.684 - 0.798", "0.799 - 0.92", "0.921 - 1.05" ],
"legcols": [ "#EDF8FB", "#BFD3E6", "#9EBCDA", "#8C96C6", "#8856A7", "#810F7C" ] 
} 
]
